,Region,Capacity,Present,Date
0,ABRUZZO,1.608,1.876,2018-01-31
1,BASILICATA,416,531,2018-01-31
2,CALABRIA,2.700,2.637,2018-01-31
3,CAMPANIA,6.161,7.321,2018-01-31
4,EMILIA ROMAGNA,2.811,3.463,2018-01-31
5,FRIULI VENEZIA GIULIA,480,678,2018-01-31
6,LAZIO,5.258,6.326,2018-01-31
7,LIGURIA,1.118,1.403,2018-01-31
8,LOMBARDIA,6.226,8.527,2018-01-31
9,MARCHE,898,934,2018-01-31
10,MOLISE,264,417,2018-01-31
11,PIEMONTE,3.974,4.236,2018-01-31
12,PUGLIA,2.337,3.408,2018-01-31
13,SARDEGNA,2.713,2.336,2018-01-31
14,SICILIA,6.443,6.396,2018-01-31
15,TOSCANA,3.145,3.305,2018-01-31
16,TRENTINO ALTO ADIGE,506,418,2018-01-31
17,UMBRIA,1.331,1.386,2018-01-31
18,VALLE D'AOSTA,181,188,2018-01-31
19,VENETO,1.947,2.301,2018-01-31
20,ABRUZZO,1.643,1.887,2018-02-28
21,BASILICATA,413,521,2018-02-28
22,CALABRIA,2.700,2.650,2018-02-28
23,CAMPANIA,6.160,7.364,2018-02-28
24,EMILIA ROMAGNA,2.811,3.464,2018-02-28
25,FRIULI VENEZIA GIULIA,480,686,2018-02-28
26,LAZIO,5.257,6.265,2018-02-28
27,LIGURIA,1.137,1.445,2018-02-28
28,LOMBARDIA,6.226,8.540,2018-02-28
29,MARCHE,898,944,2018-02-28
30,MOLISE,264,420,2018-02-28
31,PIEMONTE,3.974,4.175,2018-02-28
32,PUGLIA,2.337,3.469,2018-02-28
33,SARDEGNA,2.713,2.330,2018-02-28
34,SICILIA,6.466,6.398,2018-02-28
35,TOSCANA,3.145,3.316,2018-02-28
36,TRENTINO ALTO ADIGE,506,408,2018-02-28
37,UMBRIA,1.331,1.384,2018-02-28
38,VALLE D'AOSTA,181,176,2018-02-28
39,VENETO,1.947,2.321,2018-02-28
40,ABRUZZO,1.643,1.903,2018-03-31
41,BASILICATA,413,506,2018-03-31
42,CALABRIA,2.734,2.659,2018-03-31
43,CAMPANIA,6.162,7.347,2018-03-31
44,EMILIA ROMAGNA,2.811,3.435,2018-03-31
45,FRIULI VENEZIA GIULIA,480,675,2018-03-31
46,LAZIO,5.257,6.303,2018-03-31
47,LIGURIA,1.129,1.433,2018-03-31
48,LOMBARDIA,6.226,8.574,2018-03-31
49,MARCHE,898,911,2018-03-31
50,MOLISE,263,421,2018-03-31
51,PIEMONTE,3.975,4.250,2018-03-31
52,PUGLIA,2.329,3.470,2018-03-31
53,SARDEGNA,2.713,2.337,2018-03-31
54,SICILIA,6.470,6.321,2018-03-31
55,TOSCANA,3.145,3.311,2018-03-31
56,TRENTINO ALTO ADIGE,506,410,2018-03-31
57,UMBRIA,1.331,1.414,2018-03-31
58,VALLE D'AOSTA,181,201,2018-03-31
59,VENETO,1.947,2.342,2018-03-31
60,ABRUZZO,1.643,1.914,2018-04-30
61,BASILICATA,413,512,2018-04-30
62,CALABRIA,2.734,2.644,2018-04-30
63,CAMPANIA,6.162,7.412,2018-04-30
64,EMILIA ROMAGNA,2.811,3.480,2018-04-30
65,FRIULI VENEZIA GIULIA,480,642,2018-04-30
66,LAZIO,5.257,6.363,2018-04-30
67,LIGURIA,1.129,1.441,2018-04-30
68,LOMBARDIA,6.226,8.482,2018-04-30
69,MARCHE,898,899,2018-04-30
70,MOLISE,263,421,2018-04-30
71,PIEMONTE,3.975,4.283,2018-04-30
72,PUGLIA,2.329,3.480,2018-04-30
73,SARDEGNA,2.713,2.307,2018-04-30
74,SICILIA,6.476,6.312,2018-04-30
75,TOSCANA,3.145,3.359,2018-04-30
76,TRENTINO ALTO ADIGE,506,404,2018-04-30
77,UMBRIA,1.331,1.391,2018-04-30
78,VALLE D'AOSTA,181,202,2018-04-30
79,VENETO,1.947,2.337,2018-04-30
80,ABRUZZO,1.643,1.885,2018-05-31
81,BASILICATA,413,509,2018-05-31
82,CALABRIA,2.734,2.707,2018-05-31
83,CAMPANIA,6.161,7.495,2018-05-31
84,EMILIA ROMAGNA,2.808,3.530,2018-05-31
85,FRIULI VENEZIA GIULIA,480,650,2018-05-31
86,LAZIO,5.272,6.368,2018-05-31
87,LIGURIA,1.129,1.442,2018-05-31
88,LOMBARDIA,6.226,8.550,2018-05-31
89,MARCHE,898,902,2018-05-31
90,MOLISE,270,422,2018-05-31
91,PIEMONTE,3.972,4.323,2018-05-31
92,PUGLIA,2.322,3.529,2018-05-31
93,SARDEGNA,2.713,2.258,2018-05-31
94,SICILIA,6.464,6.310,2018-05-31
95,TOSCANA,3.145,3.345,2018-05-31
96,TRENTINO ALTO ADIGE,506,417,2018-05-31
97,UMBRIA,1.331,1.389,2018-05-31
98,VALLE D'AOSTA,181,215,2018-05-31
99,VENETO,1.947,2.323,2018-05-31
100,ABRUZZO,1.643,1.914,2018-06-30
101,BASILICATA,413,533,2018-06-30
102,CALABRIA,2.734,2.775,2018-06-30
103,CAMPANIA,6.161,7.459,2018-06-30
104,EMILIA ROMAGNA,2.808,3.560,2018-06-30
105,FRIULI VENEZIA GIULIA,480,628,2018-06-30
106,LAZIO,5.270,6.398,2018-06-30
107,LIGURIA,1.129,1.455,2018-06-30
108,LOMBARDIA,6.226,8.500,2018-06-30
109,MARCHE,898,898,2018-06-30
110,MOLISE,270,418,2018-06-30
111,PIEMONTE,3.978,4.356,2018-06-30
112,PUGLIA,2.322,3.578,2018-06-30
113,SARDEGNA,2.713,2.248,2018-06-30
114,SICILIA,6.476,6.376,2018-06-30
115,TOSCANA,3.146,3.333,2018-06-30
116,TRENTINO ALTO ADIGE,506,416,2018-06-30
117,UMBRIA,1.331,1.369,2018-06-30
118,VALLE D'AOSTA,181,226,2018-06-30
119,VENETO,1.947,2.319,2018-06-30
120,ABRUZZO,1.643,1.942,2018-07-31
121,BASILICATA,413,552,2018-07-31
122,CALABRIA,2.734,2.753,2018-07-31
123,CAMPANIA,6.161,7.410,2018-07-31
124,EMILIA ROMAGNA,2.808,3.536,2018-07-31
125,FRIULI VENEZIA GIULIA,480,623,2018-07-31
126,LAZIO,5.270,6.314,2018-07-31
127,LIGURIA,1.129,1.455,2018-07-31
128,LOMBARDIA,6.226,8.369,2018-07-31
129,MARCHE,898,923,2018-07-31
130,MOLISE,270,413,2018-07-31
131,PIEMONTE,3.976,4.380,2018-07-31
132,PUGLIA,2.322,3.538,2018-07-31
133,SARDEGNA,2.713,2.235,2018-07-31
134,SICILIA,6.471,6.359,2018-07-31
135,TOSCANA,3.146,3.337,2018-07-31
136,TRENTINO ALTO ADIGE,506,412,2018-07-31
137,UMBRIA,1.331,1.390,2018-07-31
138,VALLE D'AOSTA,181,228,2018-07-31
139,VENETO,1.946,2.337,2018-07-31
140,ABRUZZO,1.640,1.960,2018-08-31
141,BASILICATA,413,570,2018-08-31
142,CALABRIA,2.734,2.698,2018-08-31
143,CAMPANIA,6.161,7.477,2018-08-31
144,EMILIA ROMAGNA,2.806,3.576,2018-08-31
145,FRIULI VENEZIA GIULIA,480,629,2018-08-31
146,LAZIO,5.270,6.400,2018-08-31
147,LIGURIA,1.128,1.489,2018-08-31
148,LOMBARDIA,6.226,8.440,2018-08-31
149,MARCHE,898,940,2018-08-31
150,MOLISE,270,393,2018-08-31
151,PIEMONTE,3.976,4.445,2018-08-31
152,PUGLIA,2.322,3.611,2018-08-31
153,SARDEGNA,2.713,2.257,2018-08-31
154,SICILIA,6.475,6.400,2018-08-31
155,TOSCANA,3.146,3.386,2018-08-31
156,TRENTINO ALTO ADIGE,506,430,2018-08-31
157,UMBRIA,1.331,1.400,2018-08-31
158,VALLE D'AOSTA,181,229,2018-08-31
159,VENETO,1.946,2.405,2018-08-31
160,ABRUZZO,1.640,1.950,2018-09-30
161,BASILICATA,413,564,2018-09-30
162,CALABRIA,2.734,2.752,2018-09-30
163,CAMPANIA,6.163,7.515,2018-09-30
164,EMILIA ROMAGNA,2.805,3.584,2018-09-30
165,FRIULI VENEZIA GIULIA,480,635,2018-09-30
166,LAZIO,5.270,6.375,2018-09-30
167,LIGURIA,1.128,1.481,2018-09-30
168,LOMBARDIA,6.226,8.439,2018-09-30
169,MARCHE,897,938,2018-09-30
170,MOLISE,270,408,2018-09-30
171,PIEMONTE,3.976,4.432,2018-09-30
172,PUGLIA,2.322,3.689,2018-09-30
173,SARDEGNA,2.700,2.216,2018-09-30
174,SICILIA,6.485,6.413,2018-09-30
175,TOSCANA,3.146,3.432,2018-09-30
176,TRENTINO ALTO ADIGE,506,417,2018-09-30
177,UMBRIA,1.334,1.409,2018-09-30
178,VALLE D'AOSTA,181,223,2018-09-30
179,VENETO,1.946,2.403,2018-09-30
180,ABRUZZO,1.640,1.950,2018-10-31
181,BASILICATA,413,560,2018-10-31
182,CALABRIA,2.734,2.787,2018-10-31
183,CAMPANIA,6.142,7.627,2018-10-31
184,EMILIA ROMAGNA,2.805,3.645,2018-10-31
185,FRIULI VENEZIA GIULIA,480,625,2018-10-31
186,LAZIO,5.270,6.492,2018-10-31
187,LIGURIA,1.128,1.508,2018-10-31
188,LOMBARDIA,6.223,8.507,2018-10-31
189,MARCHE,897,934,2018-10-31
190,MOLISE,270,385,2018-10-31
191,PIEMONTE,3.976,4.455,2018-10-31
192,PUGLIA,2.322,3.732,2018-10-31
193,SARDEGNA,2.700,2.212,2018-10-31
194,SICILIA,6.503,6.512,2018-10-31
195,TOSCANA,3.146,3.372,2018-10-31
196,TRENTINO ALTO ADIGE,506,441,2018-10-31
197,UMBRIA,1.334,1.432,2018-10-31
198,VALLE D'AOSTA,181,223,2018-10-31
199,VENETO,1.946,2.404,2018-10-31
200,ABRUZZO,1.640,1.974,2018-11-30
201,BASILICATA,413,560,2018-11-30
202,CALABRIA,2.734,2.822,2018-11-30
203,CAMPANIA,6.142,7.699,2018-11-30
204,EMILIA ROMAGNA,2.805,3.569,2018-11-30
205,FRIULI VENEZIA GIULIA,480,630,2018-11-30
206,LAZIO,5.259,6.517,2018-11-30
207,LIGURIA,1.128,1.512,2018-11-30
208,LOMBARDIA,6.223,8.546,2018-11-30
209,MARCHE,897,949,2018-11-30
210,MOLISE,270,381,2018-11-30
211,PIEMONTE,3.976,4.483,2018-11-30
212,PUGLIA,2.322,3.731,2018-11-30
213,SARDEGNA,2.706,2.204,2018-11-30
214,SICILIA,6.499,6.538,2018-11-30
215,TOSCANA,3.146,3.406,2018-11-30
216,TRENTINO ALTO ADIGE,506,455,2018-11-30
217,UMBRIA,1.334,1.400,2018-11-30
218,VALLE D'AOSTA,181,223,2018-11-30
219,VENETO,1.922,2.403,2018-11-30
220,ABRUZZO,1.640,1.973,2018-12-31
221,BASILICATA,413,559,2018-12-31
222,CALABRIA,2.734,2.805,2018-12-31
223,CAMPANIA,6.142,7.660,2018-12-31
224,EMILIA ROMAGNA,2.805,3.554,2018-12-31
225,FRIULI VENEZIA GIULIA,480,641,2018-12-31
226,LAZIO,5.256,6.534,2018-12-31
227,LIGURIA,1.128,1.474,2018-12-31
228,LOMBARDIA,6.226,8.494,2018-12-31
229,MARCHE,897,929,2018-12-31
230,MOLISE,270,387,2018-12-31
231,PIEMONTE,3.976,4.478,2018-12-31
232,PUGLIA,2.322,3.646,2018-12-31
233,SARDEGNA,2.706,2.159,2018-12-31
234,SICILIA,6.497,6.469,2018-12-31
235,TOSCANA,3.146,3.406,2018-12-31
236,TRENTINO ALTO ADIGE,506,400,2018-12-31
237,UMBRIA,1.334,1.431,2018-12-31
238,VALLE D'AOSTA,181,221,2018-12-31
239,VENETO,1.922,2.435,2018-12-31
240,ABRUZZO,1.627,1.949,2019-01-31
241,BASILICATA,413,520,2019-01-31
242,CALABRIA,2.734,2.902,2019-01-31
243,CAMPANIA,6.134,7.787,2019-01-31
244,EMILIA ROMAGNA,2.805,3.569,2019-01-31
245,FRIULI VENEZIA GIULIA,480,651,2019-01-31
246,LAZIO,5.258,6.580,2019-01-31
247,LIGURIA,1.128,1.474,2019-01-31
248,LOMBARDIA,6.226,8.540,2019-01-31
249,MARCHE,897,940,2019-01-31
250,MOLISE,270,377,2019-01-31
251,PIEMONTE,3.976,4.491,2019-01-31
252,PUGLIA,2.319,3.718,2019-01-31
253,SARDEGNA,2.706,2.150,2019-01-31
254,SICILIA,6.493,6.553,2019-01-31
255,TOSCANA,3.146,3.392,2019-01-31
256,TRENTINO ALTO ADIGE,506,386,2019-01-31
257,UMBRIA,1.329,1.440,2019-01-31
258,VALLE D'AOSTA,181,227,2019-01-31
259,VENETO,1.922,2.479,2019-01-31
260,ABRUZZO,1.627,1.979,2019-02-28
261,BASILICATA,413,495,2019-02-28
262,CALABRIA,2.734,2.931,2019-02-28
263,CAMPANIA,6.138,7.795,2019-02-28
264,EMILIA ROMAGNA,2.805,3.621,2019-02-28
265,FRIULI VENEZIA GIULIA,480,666,2019-02-28
266,LAZIO,5.258,6.583,2019-02-28
267,LIGURIA,1.128,1.487,2019-02-28
268,LOMBARDIA,6.198,8.605,2019-02-28
269,MARCHE,897,936,2019-02-28
270,MOLISE,270,380,2019-02-28
271,PIEMONTE,3.976,4.513,2019-02-28
272,PUGLIA,2.319,3.736,2019-02-28
273,SARDEGNA,2.706,2.145,2019-02-28
274,SICILIA,6.493,6.508,2019-02-28
275,TOSCANA,3.146,3.428,2019-02-28
276,TRENTINO ALTO ADIGE,506,379,2019-02-28
277,UMBRIA,1.329,1.430,2019-02-28
278,VALLE D'AOSTA,181,234,2019-02-28
279,VENETO,1.918,2.497,2019-02-28
280,ABRUZZO,1.627,2.018,2019-03-31
281,BASILICATA,413,449,2019-03-31
282,CALABRIA,2.734,2.882,2019-03-31
283,CAMPANIA,6.136,7.835,2019-03-31
284,EMILIA ROMAGNA,2.805,3.641,2019-03-31
285,FRIULI VENEZIA GIULIA,480,675,2019-03-31
286,LAZIO,5.258,6.562,2019-03-31
287,LIGURIA,1.124,1.527,2019-03-31
288,LOMBARDIA,6.197,8.635,2019-03-31
289,MARCHE,897,924,2019-03-31
290,MOLISE,270,407,2019-03-31
291,PIEMONTE,3.976,4.570,2019-03-31
292,PUGLIA,2.319,3.765,2019-03-31
293,SARDEGNA,2.706,2.151,2019-03-31
294,SICILIA,6.493,6.571,2019-03-31
295,TOSCANA,3.145,3.420,2019-03-31
296,TRENTINO ALTO ADIGE,506,403,2019-03-31
297,UMBRIA,1.329,1.434,2019-03-31
298,VALLE D'AOSTA,181,241,2019-03-31
299,VENETO,1.918,2.501,2019-03-31
300,ABRUZZO,1.645,2.035,2019-04-30
301,BASILICATA,413,434,2019-04-30
302,CALABRIA,2.734,2.922,2019-04-30
303,CAMPANIA,6.136,7.844,2019-04-30
304,EMILIA ROMAGNA,2.805,3.635,2019-04-30
305,FRIULI VENEZIA GIULIA,480,641,2019-04-30
306,LAZIO,5.252,6.528,2019-04-30
307,LIGURIA,1.125,1.527,2019-04-30
308,LOMBARDIA,6.199,8.610,2019-04-30
309,MARCHE,897,879,2019-04-30
310,MOLISE,270,419,2019-04-30
311,PIEMONTE,3.976,4.584,2019-04-30
312,PUGLIA,2.319,3.723,2019-04-30
313,SARDEGNA,2.706,2.148,2019-04-30
314,SICILIA,6.480,6.509,2019-04-30
315,TOSCANA,3.145,3.456,2019-04-30
316,TRENTINO ALTO ADIGE,506,403,2019-04-30
317,UMBRIA,1.324,1.411,2019-04-30
318,VALLE D'AOSTA,181,233,2019-04-30
319,VENETO,1.918,2.498,2019-04-30
320,ABRUZZO,1.645,2.000,2019-05-31
321,BASILICATA,413,464,2019-05-31
322,CALABRIA,2.734,2.913,2019-05-31
323,CAMPANIA,6.131,7.841,2019-05-31
324,EMILIA ROMAGNA,2.795,3.631,2019-05-31
325,FRIULI VENEZIA GIULIA,480,653,2019-05-31
326,LAZIO,5.254,6.520,2019-05-31
327,LIGURIA,1.131,1.509,2019-05-31
328,LOMBARDIA,6.199,8.610,2019-05-31
329,MARCHE,897,890,2019-05-31
330,MOLISE,270,414,2019-05-31
331,PIEMONTE,3.972,4.592,2019-05-31
332,PUGLIA,2.319,3.743,2019-05-31
333,SARDEGNA,2.706,2.190,2019-05-31
334,SICILIA,6.484,6.480,2019-05-31
335,TOSCANA,3.145,3.523,2019-05-31
336,TRENTINO ALTO ADIGE,506,414,2019-05-31
337,UMBRIA,1.324,1.407,2019-05-31
338,VALLE D'AOSTA,181,224,2019-05-31
339,VENETO,1.942,2.458,2019-05-31
340,ABRUZZO,1.645,2.027,2019-06-30
341,BASILICATA,413,469,2019-06-30
342,CALABRIA,2.734,2.869,2019-06-30
343,CAMPANIA,6.133,7.849,2019-06-30
344,EMILIA ROMAGNA,2.795,3.695,2019-06-30
345,FRIULI VENEZIA GIULIA,477,652,2019-06-30
346,LAZIO,5.254,6.484,2019-06-30
347,LIGURIA,1.104,1.504,2019-06-30
348,LOMBARDIA,6.199,8.574,2019-06-30
349,MARCHE,897,886,2019-06-30
350,MOLISE,270,414,2019-06-30
351,PIEMONTE,3.972,4.636,2019-06-30
352,PUGLIA,2.319,3.812,2019-06-30
353,SARDEGNA,2.706,2.189,2019-06-30
354,SICILIA,6.484,6.452,2019-06-30
355,TOSCANA,3.141,3.550,2019-06-30
356,TRENTINO ALTO ADIGE,506,417,2019-06-30
357,UMBRIA,1.324,1.407,2019-06-30
358,VALLE D'AOSTA,181,204,2019-06-30
359,VENETO,1.942,2.432,2019-06-30
360,ABRUZZO,1.645,2.077,2019-07-31
361,BASILICATA,413,471,2019-07-31
362,CALABRIA,2.733,2.865,2019-07-31
363,CAMPANIA,6.157,7.606,2019-07-31
364,EMILIA ROMAGNA,2.795,3.707,2019-07-31
365,FRIULI VENEZIA GIULIA,479,674,2019-07-31
366,LAZIO,5.254,6.483,2019-07-31
367,LIGURIA,1.104,1.540,2019-07-31
368,LOMBARDIA,6.199,8.472,2019-07-31
369,MARCHE,856,893,2019-07-31
370,MOLISE,270,408,2019-07-31
371,PIEMONTE,3.972,4.665,2019-07-31
372,PUGLIA,2.319,3.745,2019-07-31
373,SARDEGNA,2.706,2.235,2019-07-31
374,SICILIA,6.484,6.396,2019-07-31
375,TOSCANA,3.141,3.598,2019-07-31
376,TRENTINO ALTO ADIGE,506,408,2019-07-31
377,UMBRIA,1.324,1.427,2019-07-31
378,VALLE D'AOSTA,181,183,2019-07-31
379,VENETO,1.942,2.401,2019-07-31
380,ABRUZZO,1.645,2.049,2019-08-31
381,BASILICATA,413,475,2019-08-31
382,CALABRIA,2.734,2.835,2019-08-31
383,CAMPANIA,6.157,7.577,2019-08-31
384,EMILIA ROMAGNA,2.792,3.766,2019-08-31
385,FRIULI VENEZIA GIULIA,479,695,2019-08-31
386,LAZIO,5.254,6.574,2019-08-31
387,LIGURIA,1.104,1.568,2019-08-31
388,LOMBARDIA,6.199,8.618,2019-08-31
389,MARCHE,856,881,2019-08-31
390,MOLISE,270,409,2019-08-31
391,PIEMONTE,3.971,4.698,2019-08-31
392,PUGLIA,2.319,3.784,2019-08-31
393,SARDEGNA,2.706,2.281,2019-08-31
394,SICILIA,6.476,6.367,2019-08-31
395,TOSCANA,3.141,3.652,2019-08-31
396,TRENTINO ALTO ADIGE,506,438,2019-08-31
397,UMBRIA,1.324,1.461,2019-08-31
398,VALLE D'AOSTA,181,178,2019-08-31
399,VENETO,1.942,2.435,2019-08-31
400,ABRUZZO,1.646,2.056,2019-09-30
401,BASILICATA,413,509,2019-09-30
402,CALABRIA,2.734,2.819,2019-09-30
403,CAMPANIA,6.157,7.560,2019-09-30
404,EMILIA ROMAGNA,2.793,3.760,2019-09-30
405,FRIULI VENEZIA GIULIA,479,666,2019-09-30
406,LAZIO,5.247,6.585,2019-09-30
407,LIGURIA,1.104,1.523,2019-09-30
408,LOMBARDIA,6.199,8.645,2019-09-30
409,MARCHE,856,891,2019-09-30
410,MOLISE,270,400,2019-09-30
411,PIEMONTE,3.971,4.686,2019-09-30
412,PUGLIA,2.319,3.815,2019-09-30
413,SARDEGNA,2.714,2.295,2019-09-30
414,SICILIA,6.476,6.496,2019-09-30
415,TOSCANA,3.141,3.658,2019-09-30
416,TRENTINO ALTO ADIGE,506,444,2019-09-30
417,UMBRIA,1.324,1.443,2019-09-30
418,VALLE D'AOSTA,181,200,2019-09-30
419,VENETO,1.942,2.430,2019-09-30
420,ABRUZZO,1.646,2.026,2019-10-31
421,BASILICATA,413,502,2019-10-31
422,CALABRIA,2.734,2.784,2019-10-31
423,CAMPANIA,6.158,7.482,2019-10-31
424,EMILIA ROMAGNA,2.793,3.846,2019-10-31
425,FRIULI VENEZIA GIULIA,479,671,2019-10-31
426,LAZIO,5.247,6.584,2019-10-31
427,LIGURIA,1.104,1.537,2019-10-31
428,LOMBARDIA,6.199,8.618,2019-10-31
429,MARCHE,856,896,2019-10-31
430,MOLISE,270,415,2019-10-31
431,PIEMONTE,3.971,4.645,2019-10-31
432,PUGLIA,2.319,3.857,2019-10-31
433,SARDEGNA,2.714,2.321,2019-10-31
434,SICILIA,6.478,6.526,2019-10-31
435,TOSCANA,3.140,3.603,2019-10-31
436,TRENTINO ALTO ADIGE,506,449,2019-10-31
437,UMBRIA,1.324,1.455,2019-10-31
438,VALLE D'AOSTA,181,243,2019-10-31
439,VENETO,1.942,2.525,2019-10-31
440,ABRUZZO,1.646,2.062,2019-11-30
441,BASILICATA,411,478,2019-11-30
442,CALABRIA,2.734,2.771,2019-11-30
443,CAMPANIA,6.157,7.459,2019-11-30
444,EMILIA ROMAGNA,2.793,3.856,2019-11-30
445,FRIULI VENEZIA GIULIA,479,664,2019-11-30
446,LAZIO,5.247,6.652,2019-11-30
447,LIGURIA,1.104,1.551,2019-11-30
448,LOMBARDIA,6.199,8.659,2019-11-30
449,MARCHE,856,919,2019-11-30
450,MOLISE,270,420,2019-11-30
451,PIEMONTE,3.971,4.588,2019-11-30
452,PUGLIA,2.319,3.912,2019-11-30
453,SARDEGNA,2.714,2.327,2019-11-30
454,SICILIA,6.489,6.445,2019-11-30
455,TOSCANA,3.134,3.580,2019-11-30
456,TRENTINO ALTO ADIGE,506,442,2019-11-30
457,UMBRIA,1.324,1.485,2019-11-30
458,VALLE D'AOSTA,181,232,2019-11-30
459,VENETO,1.942,2.672,2019-11-30
460,ABRUZZO,1.646,2.064,2019-12-31
461,BASILICATA,411,471,2019-12-31
462,CALABRIA,2.734,2.898,2019-12-31
463,CAMPANIA,6.164,7.412,2019-12-31
464,EMILIA ROMAGNA,2.793,3.834,2019-12-31
465,FRIULI VENEZIA GIULIA,479,656,2019-12-31
466,LAZIO,5.247,6.566,2019-12-31
467,LIGURIA,1.104,1.511,2019-12-31
468,LOMBARDIA,6.199,8.547,2019-12-31
469,MARCHE,857,898,2019-12-31
470,MOLISE,270,462,2019-12-31
471,PIEMONTE,3.971,4.531,2019-12-31
472,PUGLIA,2.517,3.814,2019-12-31
473,SARDEGNA,2.710,2.288,2019-12-31
474,SICILIA,6.497,6.445,2019-12-31
475,TOSCANA,3.136,3.556,2019-12-31
476,TRENTINO ALTO ADIGE,506,445,2019-12-31
477,UMBRIA,1.324,1.471,2019-12-31
478,VALLE D'AOSTA,181,228,2019-12-31
479,VENETO,1.942,2.672,2019-12-31
480,ABRUZZO,1.650,2.091,2020-01-31
481,BASILICATA,411,459,2020-01-31
482,CALABRIA,2.735,2.794,2020-01-31
483,CAMPANIA,6.164,7.468,2020-01-31
484,EMILIA ROMAGNA,2.793,3.862,2020-01-31
485,FRIULI VENEZIA GIULIA,479,659,2020-01-31
486,LAZIO,5.246,6.613,2020-01-31
487,LIGURIA,1.104,1.522,2020-01-31
488,LOMBARDIA,6.199,8.583,2020-01-31
489,MARCHE,857,907,2020-01-31
490,MOLISE,270,452,2020-01-31
491,PIEMONTE,3.971,4.517,2020-01-31
492,PUGLIA,2.517,3.869,2020-01-31
493,SARDEGNA,2.710,2.319,2020-01-31
494,SICILIA,6.497,6.547,2020-01-31
495,TOSCANA,3.136,3.572,2020-01-31
496,TRENTINO ALTO ADIGE,506,433,2020-01-31
497,UMBRIA,1.324,1.450,2020-01-31
498,VALLE D'AOSTA,181,245,2020-01-31
499,VENETO,1.942,2.609,2020-01-31
500,ABRUZZO,1.650,2.014,2020-02-29
501,BASILICATA,411,461,2020-02-29
502,CALABRIA,2.735,2.779,2020-02-29
503,CAMPANIA,6.211,7.419,2020-02-29
504,EMILIA ROMAGNA,2.989,3.895,2020-02-29
505,FRIULI VENEZIA GIULIA,479,663,2020-02-29
506,LAZIO,5.244,6.667,2020-02-29
507,LIGURIA,1.104,1.519,2020-02-29
508,LOMBARDIA,6.199,8.720,2020-02-29
509,MARCHE,857,926,2020-02-29
510,MOLISE,270,475,2020-02-29
511,PIEMONTE,3.971,4.553,2020-02-29
512,PUGLIA,2.517,3.863,2020-02-29
513,SARDEGNA,2.710,2.310,2020-02-29
514,SICILIA,6.495,6.590,2020-02-29
515,TOSCANA,3.136,3.590,2020-02-29
516,TRENTINO ALTO ADIGE,506,424,2020-02-29
517,UMBRIA,1.324,1.485,2020-02-29
518,VALLE D'AOSTA,181,239,2020-02-29
519,VENETO,1.942,2.638,2020-02-29
520,ABRUZZO,1.655,1.953,2020-03-31
521,BASILICATA,409,374,2020-03-31
522,CALABRIA,2.731,2.846,2020-03-31
523,CAMPANIA,6.158,6.972,2020-03-31
524,EMILIA ROMAGNA,3.002,3.261,2020-03-31
525,FRIULI VENEZIA GIULIA,479,631,2020-03-31
526,LAZIO,5.209,6.204,2020-03-31
527,LIGURIA,1.117,1.495,2020-03-31
528,LOMBARDIA,6.203,8.095,2020-03-31
529,MARCHE,856,969,2020-03-31
530,MOLISE,266,439,2020-03-31
531,PIEMONTE,3.947,4.507,2020-03-31
532,PUGLIA,2.478,3.574,2020-03-31
533,SARDEGNA,2.710,2.202,2020-03-31
534,SICILIA,6.466,6.218,2020-03-31
535,TOSCANA,3.120,3.471,2020-03-31
536,TRENTINO ALTO ADIGE,497,410,2020-03-31
537,UMBRIA,1.324,1.460,2020-03-31
538,VALLE D'AOSTA,181,227,2020-03-31
539,VENETO,1.946,2.538,2020-03-31
540,ABRUZZO,1.655,1.850,2020-04-30
541,BASILICATA,402,348,2020-04-30
542,CALABRIA,2.706,2.667,2020-04-30
543,CAMPANIA,6.087,6.451,2020-04-30
544,EMILIA ROMAGNA,2.995,3.076,2020-04-30
545,FRIULI VENEZIA GIULIA,473,589,2020-04-30
546,LAZIO,5.192,5.738,2020-04-30
547,LIGURIA,1.111,1.398,2020-04-30
548,LOMBARDIA,6.140,7.333,2020-04-30
549,MARCHE,851,899,2020-04-30
550,MOLISE,268,410,2020-04-30
551,PIEMONTE,3.938,4.190,2020-04-30
552,PUGLIA,2.469,3.406,2020-04-30
553,SARDEGNA,2.679,2.125,2020-04-30
554,SICILIA,6.443,5.833,2020-04-30
555,TOSCANA,3.116,3.256,2020-04-30
556,TRENTINO ALTO ADIGE,497,371,2020-04-30
557,UMBRIA,1.322,1.398,2020-04-30
558,VALLE D'AOSTA,177,211,2020-04-30
559,VENETO,1.917,2.355,2020-04-30
560,ABRUZZO,1.655,1.796,2020-05-31
561,BASILICATA,402,360,2020-05-31
562,CALABRIA,2.706,2.628,2020-05-31
563,CAMPANIA,6.043,6.404,2020-05-31
564,EMILIA ROMAGNA,2.995,3.001,2020-05-31
565,FRIULI VENEZIA GIULIA,464,593,2020-05-31
566,LAZIO,5.178,5.689,2020-05-31
567,LIGURIA,1.111,1.385,2020-05-31
568,LOMBARDIA,6.137,7.283,2020-05-31
569,MARCHE,846,863,2020-05-31
570,MOLISE,268,404,2020-05-31
571,PIEMONTE,3.938,4.165,2020-05-31
572,PUGLIA,2.665,3.418,2020-05-31
573,SARDEGNA,2.615,2.087,2020-05-31
574,SICILIA,6.443,5.860,2020-05-31
575,TOSCANA,3.092,3.226,2020-05-31
576,TRENTINO ALTO ADIGE,497,361,2020-05-31
577,UMBRIA,1.322,1.370,2020-05-31
578,VALLE D'AOSTA,177,198,2020-05-31
579,VENETO,1.918,2.296,2020-05-31
580,ABRUZZO,1.655,1.762,2020-06-30
581,BASILICATA,407,366,2020-06-30
582,CALABRIA,2.709,2.631,2020-06-30
583,CAMPANIA,6.035,6.428,2020-06-30
584,EMILIA ROMAGNA,2.995,3.033,2020-06-30
585,FRIULI VENEZIA GIULIA,464,603,2020-06-30
586,LAZIO,5.183,5.762,2020-06-30
587,LIGURIA,1.111,1.403,2020-06-30
588,LOMBARDIA,6.145,7.349,2020-06-30
589,MARCHE,846,870,2020-06-30
590,MOLISE,268,393,2020-06-30
591,PIEMONTE,3.938,4.176,2020-06-30
592,PUGLIA,2.681,3.434,2020-06-30
593,SARDEGNA,2.611,2.044,2020-06-30
594,SICILIA,6.443,5.920,2020-06-30
595,TOSCANA,3.095,3.209,2020-06-30
596,TRENTINO ALTO ADIGE,497,362,2020-06-30
597,UMBRIA,1.322,1.391,2020-06-30
598,VALLE D'AOSTA,177,192,2020-06-30
599,VENETO,1.919,2.251,2020-06-30
600,ABRUZZO,1.655,1.742,2020-07-31
601,BASILICATA,407,382,2020-07-31
602,CALABRIA,2.710,2.684,2020-07-31
603,CAMPANIA,6.035,6.424,2020-07-31
604,EMILIA ROMAGNA,2.995,3.021,2020-07-31
605,FRIULI VENEZIA GIULIA,464,600,2020-07-31
606,LAZIO,5.212,5.779,2020-07-31
607,LIGURIA,1.118,1.408,2020-07-31
608,LOMBARDIA,6.156,7.418,2020-07-31
609,MARCHE,846,891,2020-07-31
610,MOLISE,268,387,2020-07-31
611,PIEMONTE,3.938,4.183,2020-07-31
612,PUGLIA,2.683,3.413,2020-07-31
613,SARDEGNA,2.611,2.026,2020-07-31
614,SICILIA,6.446,5.896,2020-07-31
615,TOSCANA,3.099,3.203,2020-07-31
616,TRENTINO ALTO ADIGE,497,377,2020-07-31
617,UMBRIA,1.322,1.356,2020-07-31
618,VALLE D'AOSTA,177,171,2020-07-31
619,VENETO,1.919,2.258,2020-07-31
620,ABRUZZO,1.655,1.753,2020-08-31
621,BASILICATA,407,387,2020-08-31
622,CALABRIA,2.710,2.603,2020-08-31
623,CAMPANIA,6.050,6.422,2020-08-31
624,EMILIA ROMAGNA,2.995,3.071,2020-08-31
625,FRIULI VENEZIA GIULIA,464,612,2020-08-31
626,LAZIO,5.213,5.803,2020-08-31
627,LIGURIA,1.120,1.443,2020-08-31
628,LOMBARDIA,6.156,7.569,2020-08-31
629,MARCHE,846,875,2020-08-31
630,MOLISE,268,372,2020-08-31
631,PIEMONTE,3.938,4.235,2020-08-31
632,PUGLIA,2.683,3.463,2020-08-31
633,SARDEGNA,2.611,2.051,2020-08-31
634,SICILIA,6.446,5.816,2020-08-31
635,TOSCANA,3.100,3.229,2020-08-31
636,TRENTINO ALTO ADIGE,497,392,2020-08-31
637,UMBRIA,1.323,1.361,2020-08-31
638,VALLE D'AOSTA,177,178,2020-08-31
639,VENETO,1.915,2.286,2020-08-31
640,ABRUZZO,1.655,1.754,2020-09-30
641,BASILICATA,401,372,2020-09-30
642,CALABRIA,2.712,2.602,2020-09-30
643,CAMPANIA,6.062,6.475,2020-09-30
644,EMILIA ROMAGNA,2.995,3.134,2020-09-30
645,FRIULI VENEZIA GIULIA,464,632,2020-09-30
646,LAZIO,5.213,5.786,2020-09-30
647,LIGURIA,1.120,1.445,2020-09-30
648,LOMBARDIA,6.156,7.667,2020-09-30
649,MARCHE,846,834,2020-09-30
650,MOLISE,268,373,2020-09-30
651,PIEMONTE,3.938,4.293,2020-09-30
652,PUGLIA,2.688,3.503,2020-09-30
653,SARDEGNA,2.611,2.047,2020-09-30
654,SICILIA,6.441,5.905,2020-09-30
655,TOSCANA,3.101,3.247,2020-09-30
656,TRENTINO ALTO ADIGE,497,399,2020-09-30
657,UMBRIA,1.323,1.350,2020-09-30
658,VALLE D'AOSTA,177,188,2020-09-30
659,VENETO,1.902,2.271,2020-09-30
660,ABRUZZO,1.658,1.742,2020-10-31
661,BASILICATA,401,390,2020-10-31
662,CALABRIA,2.712,2.573,2020-10-31
663,CAMPANIA,6.052,6.648,2020-10-31
664,EMILIA ROMAGNA,2.995,3.190,2020-10-31
665,FRIULI VENEZIA GIULIA,464,631,2020-10-31
666,LAZIO,5.217,5.839,2020-10-31
667,LIGURIA,1.120,1.439,2020-10-31
668,LOMBARDIA,6.156,7.751,2020-10-31
669,MARCHE,846,855,2020-10-31
670,MOLISE,268,380,2020-10-31
671,PIEMONTE,3.918,4.289,2020-10-31
672,PUGLIA,2.686,3.622,2020-10-31
673,SARDEGNA,2.609,2.071,2020-10-31
674,SICILIA,6.449,5.895,2020-10-31
675,TOSCANA,3.101,3.273,2020-10-31
676,TRENTINO ALTO ADIGE,498,411,2020-10-31
677,UMBRIA,1.323,1.362,2020-10-31
678,VALLE D'AOSTA,177,186,2020-10-31
679,VENETO,1.903,2.321,2020-10-31
680,ABRUZZO,1.658,1.721,2020-11-30
681,BASILICATA,401,407,2020-11-30
682,CALABRIA,2.713,2.515,2020-11-30
683,CAMPANIA,6.052,6.548,2020-11-30
684,EMILIA ROMAGNA,2.993,3.176,2020-11-30
685,FRIULI VENEZIA GIULIA,464,626,2020-11-30
686,LAZIO,5.230,5.810,2020-11-30
687,LIGURIA,1.120,1.433,2020-11-30
688,LOMBARDIA,6.154,7.715,2020-11-30
689,MARCHE,846,843,2020-11-30
690,MOLISE,271,375,2020-11-30
691,PIEMONTE,3.918,4.254,2020-11-30
692,PUGLIA,2.686,3.560,2020-11-30
693,SARDEGNA,2.609,2.058,2020-11-30
694,SICILIA,6.449,5.883,2020-11-30
695,TOSCANA,3.098,3.248,2020-11-30
696,TRENTINO ALTO ADIGE,498,385,2020-11-30
697,UMBRIA,1.323,1.348,2020-11-30
698,VALLE D'AOSTA,177,169,2020-11-30
699,VENETO,1.908,2.294,2020-11-30
700,ABRUZZO,1.658,1.659,2020-12-31
701,BASILICATA,401,399,2020-12-31
702,CALABRIA,2.713,2.447,2020-12-31
703,CAMPANIA,6.052,6.403,2020-12-31
704,EMILIA ROMAGNA,2.993,3.139,2020-12-31
705,FRIULI VENEZIA GIULIA,466,600,2020-12-31
706,LAZIO,5.230,5.816,2020-12-31
707,LIGURIA,1.120,1.352,2020-12-31
708,LOMBARDIA,6.143,7.602,2020-12-31
709,MARCHE,846,847,2020-12-31
710,MOLISE,271,351,2020-12-31
711,PIEMONTE,3.918,4.175,2020-12-31
712,PUGLIA,2.686,3.501,2020-12-31
713,SARDEGNA,2.609,2.010,2020-12-31
714,SICILIA,6.449,5.733,2020-12-31
715,TOSCANA,3.100,3.204,2020-12-31
716,TRENTINO ALTO ADIGE,498,388,2020-12-31
717,UMBRIA,1.324,1.284,2020-12-31
718,VALLE D'AOSTA,177,172,2020-12-31
719,VENETO,1.908,2.282,2020-12-31
720,ABRUZZO,1.658,1.641,2021-01-31
721,BASILICATA,401,402,2021-01-31
722,CALABRIA,2.704,2.457,2021-01-31
723,CAMPANIA,6.052,6.417,2021-01-31
724,EMILIA ROMAGNA,2.993,3.194,2021-01-31
725,FRIULI VENEZIA GIULIA,467,621,2021-01-31
726,LAZIO,5.230,5.759,2021-01-31
727,LIGURIA,1.120,1.316,2021-01-31
728,LOMBARDIA,6.143,7.645,2021-01-31
729,MARCHE,846,832,2021-01-31
730,MOLISE,271,346,2021-01-31
731,PIEMONTE,3.919,4.178,2021-01-31
732,PUGLIA,2.686,3.514,2021-01-31
733,SARDEGNA,2.609,2.010,2021-01-31
734,SICILIA,6.447,5.727,2021-01-31
735,TOSCANA,3.098,3.159,2021-01-31
736,TRENTINO ALTO ADIGE,498,385,2021-01-31
737,UMBRIA,1.324,1.292,2021-01-31
738,VALLE D'AOSTA,177,164,2021-01-31
739,VENETO,1.908,2.270,2021-01-31
740,ABRUZZO,1.658,1.622,2021-02-28
741,BASILICATA,401,390,2021-02-28
742,CALABRIA,2.704,2.520,2021-02-28
743,CAMPANIA,6.054,6.519,2021-02-28
744,EMILIA ROMAGNA,2.993,3.270,2021-02-28
745,FRIULI VENEZIA GIULIA,467,637,2021-02-28
746,LAZIO,5.230,5.692,2021-02-28
747,LIGURIA,1.120,1.318,2021-02-28
748,LOMBARDIA,6.143,7.766,2021-02-28
749,MARCHE,846,857,2021-02-28
750,MOLISE,271,344,2021-02-28
751,PIEMONTE,3.918,4.144,2021-02-28
752,PUGLIA,2.686,3.538,2021-02-28
753,SARDEGNA,2.609,2.019,2021-02-28
754,SICILIA,6.447,5.793,2021-02-28
755,TOSCANA,3.098,3.124,2021-02-28
756,TRENTINO ALTO ADIGE,498,379,2021-02-28
757,UMBRIA,1.324,1.301,2021-02-28
758,VALLE D'AOSTA,177,172,2021-02-28
759,VENETO,1.907,2.292,2021-02-28
760,ABRUZZO,1.658,1.638,2021-03-31
761,BASILICATA,401,395,2021-03-31
762,CALABRIA,2.704,2.543,2021-03-31
763,CAMPANIA,6.085,6.458,2021-03-31
764,EMILIA ROMAGNA,2.992,3.276,2021-03-31
765,FRIULI VENEZIA GIULIA,467,639,2021-03-31
766,LAZIO,5.230,5.644,2021-03-31
767,LIGURIA,1.120,1.309,2021-03-31
768,LOMBARDIA,6.146,7.751,2021-03-31
769,MARCHE,846,830,2021-03-31
770,MOLISE,271,343,2021-03-31
771,PIEMONTE,3.918,4.144,2021-03-31
772,PUGLIA,2.882,3.543,2021-03-31
773,SARDEGNA,2.609,2.020,2021-03-31
774,SICILIA,6.447,5.755,2021-03-31
775,TOSCANA,3.097,3.094,2021-03-31
776,TRENTINO ALTO ADIGE,498,396,2021-03-31
777,UMBRIA,1.324,1.287,2021-03-31
778,VALLE D'AOSTA,177,172,2021-03-31
779,VENETO,1.907,2.272,2021-03-31
780,ABRUZZO,1.658,1.648,2021-04-30
781,BASILICATA,401,376,2021-04-30
782,CALABRIA,2.704,2.567,2021-04-30
783,CAMPANIA,6.087,6.554,2021-04-30
784,EMILIA ROMAGNA,2.993,3.277,2021-04-30
785,FRIULI VENEZIA GIULIA,467,648,2021-04-30
786,LAZIO,5.230,5.587,2021-04-30
787,LIGURIA,1.120,1.310,2021-04-30
788,LOMBARDIA,6.146,7.787,2021-04-30
789,MARCHE,846,849,2021-04-30
790,MOLISE,271,339,2021-04-30
791,PIEMONTE,3.918,4.119,2021-04-30
792,PUGLIA,2.882,3.585,2021-04-30
793,SARDEGNA,2.606,1.980,2021-04-30
794,SICILIA,6.447,5.738,2021-04-30
795,TOSCANA,3.097,3.075,2021-04-30
796,TRENTINO ALTO ADIGE,498,407,2021-04-30
797,UMBRIA,1.330,1.306,2021-04-30
798,VALLE D'AOSTA,177,164,2021-04-30
799,VENETO,1.907,2.292,2021-04-30
800,ABRUZZO,1.658,1.635,2021-05-31
801,BASILICATA,401,370,2021-05-31
802,CALABRIA,2.704,2.572,2021-05-31
803,CAMPANIA,6.084,6.554,2021-05-31
804,EMILIA ROMAGNA,2.996,3.241,2021-05-31
805,FRIULI VENEZIA GIULIA,467,631,2021-05-31
806,LAZIO,5.230,5.584,2021-05-31
807,LIGURIA,1.127,1.331,2021-05-31
808,LOMBARDIA,6.139,7.777,2021-05-31
809,MARCHE,846,839,2021-05-31
810,MOLISE,271,333,2021-05-31
811,PIEMONTE,3.917,4.046,2021-05-31
812,PUGLIA,2.882,3.688,2021-05-31
813,SARDEGNA,2.606,1.969,2021-05-31
814,SICILIA,6.443,5.817,2021-05-31
815,TOSCANA,3.097,3.090,2021-05-31
816,TRENTINO ALTO ADIGE,498,415,2021-05-31
817,UMBRIA,1.330,1.326,2021-05-31
818,VALLE D'AOSTA,177,157,2021-05-31
819,VENETO,1.907,2.285,2021-05-31
820,ABRUZZO,1.658,1.659,2021-06-30
821,BASILICATA,401,366,2021-06-30
822,CALABRIA,2.704,2.617,2021-06-30
823,CAMPANIA,6.084,6.533,2021-06-30
824,EMILIA ROMAGNA,2.996,3.250,2021-06-30
825,FRIULI VENEZIA GIULIA,467,617,2021-06-30
826,LAZIO,5.230,5.599,2021-06-30
827,LIGURIA,1.125,1.333,2021-06-30
828,LOMBARDIA,6.139,7.745,2021-06-30
829,MARCHE,846,840,2021-06-30
830,MOLISE,271,334,2021-06-30
831,PIEMONTE,3.917,4.009,2021-06-30
832,PUGLIA,2.882,3.679,2021-06-30
833,SARDEGNA,2.606,1.963,2021-06-30
834,SICILIA,6.443,5.817,2021-06-30
835,TOSCANA,3.098,3.076,2021-06-30
836,TRENTINO ALTO ADIGE,498,416,2021-06-30
837,UMBRIA,1.330,1.337,2021-06-30
838,VALLE D'AOSTA,177,149,2021-06-30
839,VENETO,1.907,2.298,2021-06-30
840,ABRUZZO,1.656,1.661,2021-07-31
841,BASILICATA,401,358,2021-07-31
842,CALABRIA,2.704,2.604,2021-07-31
843,CAMPANIA,6.107,6.413,2021-07-31
844,EMILIA ROMAGNA,2.996,3.192,2021-07-31
845,FRIULI VENEZIA GIULIA,467,624,2021-07-31
846,LAZIO,5.239,5.544,2021-07-31
847,LIGURIA,1.125,1.328,2021-07-31
848,LOMBARDIA,6.139,7.623,2021-07-31
849,MARCHE,846,819,2021-07-31
850,MOLISE,271,333,2021-07-31
851,PIEMONTE,3.955,3.960,2021-07-31
852,PUGLIA,2.890,3.662,2021-07-31
853,SARDEGNA,2.605,1.925,2021-07-31
854,SICILIA,6.443,5.891,2021-07-31
855,TOSCANA,3.117,3.032,2021-07-31
856,TRENTINO ALTO ADIGE,498,408,2021-07-31
857,UMBRIA,1.334,1.346,2021-07-31
858,VALLE D'AOSTA,177,140,2021-07-31
859,VENETO,1.907,2.266,2021-07-31
860,ABRUZZO,1.656,1.693,2021-08-31
861,BASILICATA,399,357,2021-08-31
862,CALABRIA,2.704,2.617,2021-08-31
863,CAMPANIA,6.108,6.432,2021-08-31
864,EMILIA ROMAGNA,2.996,3.224,2021-08-31
865,FRIULI VENEZIA GIULIA,467,644,2021-08-31
866,LAZIO,5.231,5.583,2021-08-31
867,LIGURIA,1.125,1.345,2021-08-31
868,LOMBARDIA,6.139,7.736,2021-08-31
869,MARCHE,846,833,2021-08-31
870,MOLISE,271,336,2021-08-31
871,PIEMONTE,3.955,4.002,2021-08-31
872,PUGLIA,2.888,3.708,2021-08-31
873,SARDEGNA,2.605,1.961,2021-08-31
874,SICILIA,6.443,5.888,2021-08-31
875,TOSCANA,3.117,3.041,2021-08-31
876,TRENTINO ALTO ADIGE,498,404,2021-08-31
877,UMBRIA,1.335,1.366,2021-08-31
878,VALLE D'AOSTA,177,141,2021-08-31
879,VENETO,1.907,2.246,2021-08-31
880,ABRUZZO,1.656,1.705,2021-09-30
881,BASILICATA,399,358,2021-09-30
882,CALABRIA,2.703,2.635,2021-09-30
883,CAMPANIA,6.101,6.547,2021-09-30
884,EMILIA ROMAGNA,2.998,3.281,2021-09-30
885,FRIULI VENEZIA GIULIA,463,646,2021-09-30
886,LAZIO,5.231,5.580,2021-09-30
887,LIGURIA,1.125,1.355,2021-09-30
888,LOMBARDIA,6.139,7.763,2021-09-30
889,MARCHE,846,823,2021-09-30
890,MOLISE,271,319,2021-09-30
891,PIEMONTE,3.955,4.011,2021-09-30
892,PUGLIA,2.888,3.716,2021-09-30
893,SARDEGNA,2.605,1.985,2021-09-30
894,SICILIA,6.443,5.934,2021-09-30
895,TOSCANA,3.117,3.077,2021-09-30
896,TRENTINO ALTO ADIGE,498,415,2021-09-30
897,UMBRIA,1.335,1.377,2021-09-30
898,VALLE D'AOSTA,177,134,2021-09-30
899,VENETO,1.907,2.269,2021-09-30
900,ABRUZZO,1.656,1.716,2021-10-31
901,BASILICATA,399,367,2021-10-31
902,CALABRIA,2.703,2.691,2021-10-31
903,CAMPANIA,6.106,6.668,2021-10-31
904,EMILIA ROMAGNA,2.998,3.284,2021-10-31
905,FRIULI VENEZIA GIULIA,463,627,2021-10-31
906,LAZIO,5.231,5.610,2021-10-31
907,LIGURIA,1.109,1.343,2021-10-31
908,LOMBARDIA,6.139,7.797,2021-10-31
909,MARCHE,846,833,2021-10-31
910,MOLISE,271,317,2021-10-31
911,PIEMONTE,3.955,4.080,2021-10-31
912,PUGLIA,2.888,3.741,2021-10-31
913,SARDEGNA,2.605,1.988,2021-10-31
914,SICILIA,6.448,5.934,2021-10-31
915,TOSCANA,3.117,3.081,2021-10-31
916,TRENTINO ALTO ADIGE,498,413,2021-10-31
917,UMBRIA,1.335,1.425,2021-10-31
918,VALLE D'AOSTA,177,128,2021-10-31
919,VENETO,1.907,2.264,2021-10-31
920,ABRUZZO,1.656,1.747,2021-11-30
921,BASILICATA,399,382,2021-11-30
922,CALABRIA,2.704,2.704,2021-11-30
923,CAMPANIA,6.108,6.730,2021-11-30
924,EMILIA ROMAGNA,2.998,3.303,2021-11-30
925,FRIULI VENEZIA GIULIA,463,621,2021-11-30
926,LAZIO,5.231,5.569,2021-11-30
927,LIGURIA,1.109,1.337,2021-11-30
928,LOMBARDIA,6.129,7.869,2021-11-30
929,MARCHE,846,830,2021-11-30
930,MOLISE,271,313,2021-11-30
931,PIEMONTE,3.955,4.072,2021-11-30
932,PUGLIA,2.882,3.791,2021-11-30
933,SARDEGNA,2.575,1.989,2021-11-30
934,SICILIA,6.449,6.002,2021-11-30
935,TOSCANA,3.117,3.079,2021-11-30
936,TRENTINO ALTO ADIGE,498,403,2021-11-30
937,UMBRIA,1.335,1.432,2021-11-30
938,VALLE D'AOSTA,177,142,2021-11-30
939,VENETO,1.907,2.278,2021-11-30
940,ABRUZZO,1.656,1.735,2021-12-31
941,BASILICATA,399,376,2021-12-31
942,CALABRIA,2.704,2.681,2021-12-31
943,CAMPANIA,6.114,6.674,2021-12-31
944,EMILIA ROMAGNA,2.998,3.261,2021-12-31
945,FRIULI VENEZIA GIULIA,463,580,2021-12-31
946,LAZIO,5.231,5.548,2021-12-31
947,LIGURIA,1.109,1.307,2021-12-31
948,LOMBARDIA,6.129,7.838,2021-12-31
949,MARCHE,846,846,2021-12-31
950,MOLISE,271,312,2021-12-31
951,PIEMONTE,3.951,4.027,2021-12-31
952,PUGLIA,2.907,3.760,2021-12-31
953,SARDEGNA,2.575,1.968,2021-12-31
954,SICILIA,6.448,5.958,2021-12-31
955,TOSCANA,3.117,3.028,2021-12-31
956,TRENTINO ALTO ADIGE,498,416,2021-12-31
957,UMBRIA,1.335,1.398,2021-12-31
958,VALLE D'AOSTA,177,138,2021-12-31
959,VENETO,1.907,2.283,2021-12-31
960,ABRUZZO,1.656,1.731,2022-01-31
961,BASILICATA,397,364,2022-01-31
962,CALABRIA,2.704,2.662,2022-01-31
963,CAMPANIA,6.113,6.702,2022-01-31
964,EMILIA ROMAGNA,2.998,3.314,2022-01-31
965,FRIULI VENEZIA GIULIA,463,587,2022-01-31
966,LAZIO,5.231,5.555,2022-01-31
967,LIGURIA,1.109,1.308,2022-01-31
968,LOMBARDIA,6.146,7.898,2022-01-31
969,MARCHE,846,841,2022-01-31
970,MOLISE,271,314,2022-01-31
971,PIEMONTE,3.951,4.046,2022-01-31
972,PUGLIA,2.907,3.833,2022-01-31
973,SARDEGNA,2.575,2.000,2022-01-31
974,SICILIA,6.448,5.972,2022-01-31
975,TOSCANA,3.117,3.014,2022-01-31
976,TRENTINO ALTO ADIGE,498,411,2022-01-31
977,UMBRIA,1.335,1.390,2022-01-31
978,VALLE D'AOSTA,177,140,2022-01-31
979,VENETO,1.920,2.290,2022-01-31
980,ABRUZZO,1.656,1.719,2022-02-28
981,BASILICATA,412,384,2022-02-28
982,CALABRIA,2.704,2.666,2022-02-28
983,CAMPANIA,6.113,6.743,2022-02-28
984,EMILIA ROMAGNA,2.998,3.291,2022-02-28
985,FRIULI VENEZIA GIULIA,463,590,2022-02-28
986,LAZIO,5.231,5.588,2022-02-28
987,LIGURIA,1.109,1.320,2022-02-28
988,LOMBARDIA,6.150,7.931,2022-02-28
989,MARCHE,823,836,2022-02-28
990,MOLISE,271,317,2022-02-28
991,PIEMONTE,3.951,3.986,2022-02-28
992,PUGLIA,2.907,3.904,2022-02-28
993,SARDEGNA,2.575,2.019,2022-02-28
994,SICILIA,6.444,6.112,2022-02-28
995,TOSCANA,3.118,3.025,2022-02-28
996,TRENTINO ALTO ADIGE,498,403,2022-02-28
997,UMBRIA,1.336,1.377,2022-02-28
998,VALLE D'AOSTA,177,142,2022-02-28
999,VENETO,1.920,2.292,2022-02-28
1000,ABRUZZO,1.656,1.709,2022-03-31
1001,BASILICATA,412,384,2022-03-31
1002,CALABRIA,2.704,2.684,2022-03-31
1003,CAMPANIA,6.113,6.708,2022-03-31
1004,EMILIA ROMAGNA,2.998,3.246,2022-03-31
1005,FRIULI VENEZIA GIULIA,463,591,2022-03-31
1006,LAZIO,5.231,5.582,2022-03-31
1007,LIGURIA,1.109,1.319,2022-03-31
1008,LOMBARDIA,6.150,7.987,2022-03-31
1009,MARCHE,823,823,2022-03-31
1010,MOLISE,271,320,2022-03-31
1011,PIEMONTE,3.945,4.004,2022-03-31
1012,PUGLIA,2.906,3.908,2022-03-31
1013,SARDEGNA,2.575,2.017,2022-03-31
1014,SICILIA,6.448,6.070,2022-03-31
1015,TOSCANA,3.118,2.974,2022-03-31
1016,TRENTINO ALTO ADIGE,498,440,2022-03-31
1017,UMBRIA,1.336,1.402,2022-03-31
1018,VALLE D'AOSTA,177,142,2022-03-31
1019,VENETO,1.920,2.299,2022-03-31
1020,ABRUZZO,1.656,1.737,2022-04-30
1021,BASILICATA,412,378,2022-04-30
1022,CALABRIA,2.704,2.669,2022-04-30
1023,CAMPANIA,6.113,6.806,2022-04-30
1024,EMILIA ROMAGNA,2.998,3.243,2022-04-30
1025,FRIULI VENEZIA GIULIA,463,607,2022-04-30
1026,LAZIO,5.231,5.586,2022-04-30
1027,LIGURIA,1.109,1.321,2022-04-30
1028,LOMBARDIA,6.150,7.962,2022-04-30
1029,MARCHE,824,807,2022-04-30
1030,MOLISE,271,321,2022-04-30
1031,PIEMONTE,3.944,3.992,2022-04-30
1032,PUGLIA,2.906,3.900,2022-04-30
1033,SARDEGNA,2.575,2.018,2022-04-30
1034,SICILIA,6.447,5.993,2022-04-30
1035,TOSCANA,3.118,2.959,2022-04-30
1036,TRENTINO ALTO ADIGE,498,426,2022-04-30
1037,UMBRIA,1.336,1.420,2022-04-30
1038,VALLE D'AOSTA,177,135,2022-04-30
1039,VENETO,1.921,2.315,2022-04-30
1040,ABRUZZO,1.658,1.812,2022-05-31
1041,BASILICATA,412,388,2022-05-31
1042,CALABRIA,2.704,2.766,2022-05-31
1043,CAMPANIA,6.115,6.742,2022-05-31
1044,EMILIA ROMAGNA,2.998,3.291,2022-05-31
1045,FRIULI VENEZIA GIULIA,463,621,2022-05-31
1046,LAZIO,5.231,5.653,2022-05-31
1047,LIGURIA,1.109,1.309,2022-05-31
1048,LOMBARDIA,6.150,7.981,2022-05-31
1049,MARCHE,824,807,2022-05-31
1050,MOLISE,271,331,2022-05-31
1051,PIEMONTE,3.946,4.006,2022-05-31
1052,PUGLIA,2.906,3.829,2022-05-31
1053,SARDEGNA,2.575,2.011,2022-05-31
1054,SICILIA,6.447,5.972,2022-05-31
1055,TOSCANA,3.118,2.956,2022-05-31
1056,TRENTINO ALTO ADIGE,498,427,2022-05-31
1057,UMBRIA,1.336,1.413,2022-05-31
1058,VALLE D'AOSTA,177,140,2022-05-31
1059,VENETO,1.921,2.316,2022-05-31
1060,ABRUZZO,1.659,1.824,2022-06-30
1061,BASILICATA,420,397,2022-06-30
1062,CALABRIA,2.704,2.774,2022-06-30
1063,CAMPANIA,6.124,6.726,2022-06-30
1064,EMILIA ROMAGNA,3.007,3.315,2022-06-30
1065,FRIULI VENEZIA GIULIA,463,598,2022-06-30
1066,LAZIO,5.231,5.667,2022-06-30
1067,LIGURIA,1.133,1.323,2022-06-30
1068,LOMBARDIA,6.150,7.962,2022-06-30
1069,MARCHE,824,808,2022-06-30
1070,MOLISE,271,346,2022-06-30
1071,PIEMONTE,3.944,4.015,2022-06-30
1072,PUGLIA,2.896,3.817,2022-06-30
1073,SARDEGNA,2.575,2.004,2022-06-30
1074,SICILIA,6.447,5.955,2022-06-30
1075,TOSCANA,3.118,2.994,2022-06-30
1076,TRENTINO ALTO ADIGE,498,426,2022-06-30
1077,UMBRIA,1.336,1.406,2022-06-30
1078,VALLE D'AOSTA,177,139,2022-06-30
1079,VENETO,1.923,2.345,2022-06-30
1080,ABRUZZO,1.659,1.842,2022-07-31
1081,BASILICATA,420,405,2022-07-31
1082,CALABRIA,2.704,2.759,2022-07-31
1083,CAMPANIA,6.125,6.665,2022-07-31
1084,EMILIA ROMAGNA,3.010,3.321,2022-07-31
1085,FRIULI VENEZIA GIULIA,463,585,2022-07-31
1086,LAZIO,5.234,5.755,2022-07-31
1087,LIGURIA,1.133,1.372,2022-07-31
1088,LOMBARDIA,6.150,7.996,2022-07-31
1089,MARCHE,823,802,2022-07-31
1090,MOLISE,271,332,2022-07-31
1091,PIEMONTE,3.947,4.019,2022-07-31
1092,PUGLIA,2.896,3.848,2022-07-31
1093,SARDEGNA,2.575,2.036,2022-07-31
1094,SICILIA,6.447,5.941,2022-07-31
1095,TOSCANA,3.118,3.005,2022-07-31
1096,TRENTINO ALTO ADIGE,498,423,2022-07-31
1097,UMBRIA,1.336,1.376,2022-07-31
1098,VALLE D'AOSTA,177,129,2022-07-31
1099,VENETO,1.923,2.368,2022-07-31
1100,ABRUZZO,1.659,1.848,2022-08-31
1101,BASILICATA,420,404,2022-08-31
1102,CALABRIA,2.701,2.805,2022-08-31
1103,CAMPANIA,6.131,6.694,2022-08-31
1104,EMILIA ROMAGNA,3.010,3.388,2022-08-31
1105,FRIULI VENEZIA GIULIA,463,599,2022-08-31
1106,LAZIO,5.234,5.825,2022-08-31
1107,LIGURIA,1.133,1.408,2022-08-31
1108,LOMBARDIA,6.150,8.141,2022-08-31
1109,MARCHE,822,803,2022-08-31
1110,MOLISE,271,330,2022-08-31
1111,PIEMONTE,3.943,4.096,2022-08-31
1112,PUGLIA,2.896,3.887,2022-08-31
1113,SARDEGNA,2.590,2.069,2022-08-31
1114,SICILIA,6.447,5.981,2022-08-31
1115,TOSCANA,3.118,3.037,2022-08-31
1116,TRENTINO ALTO ADIGE,498,438,2022-08-31
1117,UMBRIA,1.336,1.370,2022-08-31
1118,VALLE D'AOSTA,177,110,2022-08-31
1119,VENETO,1.923,2.404,2022-08-31
1120,ABRUZZO,1.659,1.833,2022-09-30
1121,BASILICATA,420,403,2022-09-30
1122,CALABRIA,2.701,2.897,2022-09-30
1123,CAMPANIA,6.132,6.658,2022-09-30
1124,EMILIA ROMAGNA,3.013,3.379,2022-09-30
1125,FRIULI VENEZIA GIULIA,463,590,2022-09-30
1126,LAZIO,5.242,5.924,2022-09-30
1127,LIGURIA,1.133,1.382,2022-09-30
1128,LOMBARDIA,6.150,8.115,2022-09-30
1129,MARCHE,822,815,2022-09-30
1130,MOLISE,271,334,2022-09-30
1131,PIEMONTE,3.943,4.125,2022-09-30
1132,PUGLIA,2.896,3.902,2022-09-30
1133,SARDEGNA,2.590,2.066,2022-09-30
1134,SICILIA,6.454,6.018,2022-09-30
1135,TOSCANA,3.118,2.999,2022-09-30
1136,TRENTINO ALTO ADIGE,498,459,2022-09-30
1137,UMBRIA,1.338,1.371,2022-09-30
1138,VALLE D'AOSTA,177,107,2022-09-30
1139,VENETO,1.922,2.458,2022-09-30
1140,ABRUZZO,1.659,1.849,2022-10-31
1141,BASILICATA,427,416,2022-10-31
1142,CALABRIA,2.726,2.876,2022-10-31
1143,CAMPANIA,6.220,6.705,2022-10-31
1144,EMILIA ROMAGNA,3.013,3.365,2022-10-31
1145,FRIULI VENEZIA GIULIA,463,611,2022-10-31
1146,LAZIO,5.242,5.938,2022-10-31
1147,LIGURIA,1.131,1.372,2022-10-31
1148,LOMBARDIA,6.161,8.150,2022-10-31
1149,MARCHE,828,838,2022-10-31
1150,MOLISE,271,350,2022-10-31
1151,PIEMONTE,3.965,4.147,2022-10-31
1152,PUGLIA,2.895,3.974,2022-10-31
1153,SARDEGNA,2.614,2.081,2022-10-31
1154,SICILIA,6.500,6.072,2022-10-31
1155,TOSCANA,3.122,3.054,2022-10-31
1156,TRENTINO ALTO ADIGE,498,444,2022-10-31
1157,UMBRIA,1.340,1.387,2022-10-31
1158,VALLE D'AOSTA,177,109,2022-10-31
1159,VENETO,1.922,2.487,2022-10-31
1160,ABRUZZO,1.659,1.879,2022-11-30
1161,BASILICATA,437,413,2022-11-30
1162,CALABRIA,2.726,2.868,2022-11-30
1163,CAMPANIA,6.215,6.783,2022-11-30
1164,EMILIA ROMAGNA,3.011,3.390,2022-11-30
1165,FRIULI VENEZIA GIULIA,471,598,2022-11-30
1166,LAZIO,5.242,5.986,2022-11-30
1167,LIGURIA,1.126,1.365,2022-11-30
1168,LOMBARDIA,6.174,8.247,2022-11-30
1169,MARCHE,828,864,2022-11-30
1170,MOLISE,271,339,2022-11-30
1171,PIEMONTE,3.998,4.125,2022-11-30
1172,PUGLIA,2.912,4.010,2022-11-30
1173,SARDEGNA,2.614,2.079,2022-11-30
1174,SICILIA,6.500,6.098,2022-11-30
1175,TOSCANA,3.169,3.007,2022-11-30
1176,TRENTINO ALTO ADIGE,507,465,2022-11-30
1177,UMBRIA,1.342,1.405,2022-11-30
1178,VALLE D'AOSTA,181,101,2022-11-30
1179,VENETO,1.950,2.502,2022-11-30
1180,ABRUZZO,1.666,1.875,2022-12-31
1181,BASILICATA,356,406,2022-12-31
1182,CALABRIA,2.726,2.928,2022-12-31
1183,CAMPANIA,6.218,6.756,2022-12-31
1184,EMILIA ROMAGNA,3.020,3.407,2022-12-31
1185,FRIULI VENEZIA GIULIA,471,572,2022-12-31
1186,LAZIO,5.290,5.933,2022-12-31
1187,LIGURIA,1.126,1.347,2022-12-31
1188,LOMBARDIA,6.173,8.147,2022-12-31
1189,MARCHE,838,855,2022-12-31
1190,MOLISE,273,328,2022-12-31
1191,PIEMONTE,4.000,4.060,2022-12-31
1192,PUGLIA,2.912,3.952,2022-12-31
1193,SARDEGNA,2.614,2.076,2022-12-31
1194,SICILIA,6.500,6.130,2022-12-31
1195,TOSCANA,3.169,2.963,2022-12-31
1196,TRENTINO ALTO ADIGE,507,449,2022-12-31
1197,UMBRIA,1.338,1.423,2022-12-31
1198,VALLE D'AOSTA,181,102,2022-12-31
1199,VENETO,1.950,2.487,2022-12-31
1200,ABRUZZO,1.666,1.870,2023-01-31
1201,BASILICATA,378,429,2023-01-31
1202,CALABRIA,2.726,2.965,2023-01-31
1203,CAMPANIA,6.229,6.704,2023-01-31
1204,EMILIA ROMAGNA,2.984,3.428,2023-01-31
1205,FRIULI VENEZIA GIULIA,477,561,2023-01-31
1206,LAZIO,5.290,5.971,2023-01-31
1207,LIGURIA,1.126,1.358,2023-01-31
1208,LOMBARDIA,6.161,8.109,2023-01-31
1209,MARCHE,838,860,2023-01-31
1210,MOLISE,273,317,2023-01-31
1211,PIEMONTE,4.000,4.026,2023-01-31
1212,PUGLIA,2.912,3.964,2023-01-31
1213,SARDEGNA,2.614,2.068,2023-01-31
1214,SICILIA,6.500,6.095,2023-01-31
1215,TOSCANA,3.169,2.949,2023-01-31
1216,TRENTINO ALTO ADIGE,507,445,2023-01-31
1217,UMBRIA,1.342,1.415,2023-01-31
1218,VALLE D'AOSTA,181,117,2023-01-31
1219,VENETO,2.030,2.476,2023-01-31
1220,ABRUZZO,1.653,1.898,2023-02-28
1221,BASILICATA,378,417,2023-02-28
1222,CALABRIA,2.726,3.012,2023-02-28
1223,CAMPANIA,6.203,6.768,2023-02-28
1224,EMILIA ROMAGNA,2.984,3.417,2023-02-28
1225,FRIULI VENEZIA GIULIA,476,579,2023-02-28
1226,LAZIO,5.295,5.965,2023-02-28
1227,LIGURIA,1.126,1.367,2023-02-28
1228,LOMBARDIA,6.161,8.100,2023-02-28
1229,MARCHE,835,851,2023-02-28
1230,MOLISE,275,319,2023-02-28
1231,PIEMONTE,4.000,4.027,2023-02-28
1232,PUGLIA,2.912,3.956,2023-02-28
1233,SARDEGNA,2.614,2.071,2023-02-28
1234,SICILIA,6.498,6.139,2023-02-28
1235,TOSCANA,3.169,2.976,2023-02-28
1236,TRENTINO ALTO ADIGE,507,444,2023-02-28
1237,UMBRIA,1.342,1.414,2023-02-28
1238,VALLE D'AOSTA,181,122,2023-02-28
1239,VENETO,1.950,2.477,2023-02-28
1240,ABRUZZO,1.654,1.885,2023-03-31
1241,BASILICATA,378,424,2023-03-31
1242,CALABRIA,2.726,3.014,2023-03-31
1243,CAMPANIA,6.196,6.810,2023-03-31
1244,EMILIA ROMAGNA,2.983,3.423,2023-03-31
1245,FRIULI VENEZIA GIULIA,476,584,2023-03-31
1246,LAZIO,5.295,6.025,2023-03-31
1247,LIGURIA,1.106,1.388,2023-03-31
1248,LOMBARDIA,6.161,8.122,2023-03-31
1249,MARCHE,838,863,2023-03-31
1250,MOLISE,275,330,2023-03-31
1251,PIEMONTE,4.003,4.012,2023-03-31
1252,PUGLIA,2.912,4.022,2023-03-31
1253,SARDEGNA,2.614,2.079,2023-03-31
1254,SICILIA,6.498,6.189,2023-03-31
1255,TOSCANA,3.169,2.999,2023-03-31
1256,TRENTINO ALTO ADIGE,507,457,2023-03-31
1257,UMBRIA,1.342,1.415,2023-03-31
1258,VALLE D'AOSTA,181,129,2023-03-31
1259,VENETO,1.947,2.435,2023-03-31
1260,ABRUZZO,1.654,1.876,2023-04-30
1261,BASILICATA,378,415,2023-04-30
1262,CALABRIA,2.726,3.015,2023-04-30
1263,CAMPANIA,6.196,6.790,2023-04-30
1264,EMILIA ROMAGNA,2.983,3.419,2023-04-30
1265,FRIULI VENEZIA GIULIA,476,590,2023-04-30
1266,LAZIO,5.295,6.079,2023-04-30
1267,LIGURIA,1.106,1.399,2023-04-30
1268,LOMBARDIA,6.157,8.207,2023-04-30
1269,MARCHE,838,861,2023-04-30
1270,MOLISE,275,321,2023-04-30
1271,PIEMONTE,4.001,3.958,2023-04-30
1272,PUGLIA,2.912,3.998,2023-04-30
1273,SARDEGNA,2.617,2.065,2023-04-30
1274,SICILIA,6.498,6.219,2023-04-30
1275,TOSCANA,3.160,2.999,2023-04-30
1276,TRENTINO ALTO ADIGE,507,477,2023-04-30
1277,UMBRIA,1.342,1.415,2023-04-30
1278,VALLE D'AOSTA,181,140,2023-04-30
1279,VENETO,1.947,2.431,2023-04-30
1280,ABRUZZO,1.654,1.870,2023-05-31
1281,BASILICATA,378,434,2023-05-31
1282,CALABRIA,2.726,3.060,2023-05-31
1283,CAMPANIA,6.196,6.893,2023-05-31
1284,EMILIA ROMAGNA,2.983,3.431,2023-05-31
1285,FRIULI VENEZIA GIULIA,476,618,2023-05-31
1286,LAZIO,5.295,6.086,2023-05-31
1287,LIGURIA,1.107,1.402,2023-05-31
1288,LOMBARDIA,6.157,8.277,2023-05-31
1289,MARCHE,838,865,2023-05-31
1290,MOLISE,275,324,2023-05-31
1291,PIEMONTE,3.913,3.981,2023-05-31
1292,PUGLIA,2.912,4.038,2023-05-31
1293,SARDEGNA,2.617,2.079,2023-05-31
1294,SICILIA,6.480,6.334,2023-05-31
1295,TOSCANA,3.168,3.024,2023-05-31
1296,TRENTINO ALTO ADIGE,508,472,2023-05-31
1297,UMBRIA,1.342,1.425,2023-05-31
1298,VALLE D'AOSTA,181,130,2023-05-31
1299,VENETO,1.947,2.487,2023-05-31
1300,ABRUZZO,1.652,1.840,2023-06-30
1301,BASILICATA,368,442,2023-06-30
1302,CALABRIA,2.726,3.038,2023-06-30
1303,CAMPANIA,6.196,6.994,2023-06-30
1304,EMILIA ROMAGNA,2.979,3.459,2023-06-30
1305,FRIULI VENEZIA GIULIA,476,605,2023-06-30
1306,LAZIO,5.295,6.180,2023-06-30
1307,LIGURIA,1.107,1.398,2023-06-30
1308,LOMBARDIA,6.157,8.320,2023-06-30
1309,MARCHE,835,877,2023-06-30
1310,MOLISE,275,315,2023-06-30
1311,PIEMONTE,3.999,4.066,2023-06-30
1312,PUGLIA,2.912,4.137,2023-06-30
1313,SARDEGNA,2.617,2.047,2023-06-30
1314,SICILIA,6.476,6.329,2023-06-30
1315,TOSCANA,3.139,2.990,2023-06-30
1316,TRENTINO ALTO ADIGE,508,472,2023-06-30
1317,UMBRIA,1.342,1.419,2023-06-30
1318,VALLE D'AOSTA,181,116,2023-06-30
1319,VENETO,1.947,2.481,2023-06-30
1320,ABRUZZO,1.652,1.906,2023-07-31
1321,BASILICATA,368,461,2023-07-31
1322,CALABRIA,2.754,3.003,2023-07-31
1323,CAMPANIA,6.189,6.998,2023-07-31
1324,EMILIA ROMAGNA,2.979,3.477,2023-07-31
1325,FRIULI VENEZIA GIULIA,476,598,2023-07-31
1326,LAZIO,5.287,6.209,2023-07-31
1327,LIGURIA,1.110,1.379,2023-07-31
1328,LOMBARDIA,6.157,8.370,2023-07-31
1329,MARCHE,838,874,2023-07-31
1330,MOLISE,275,308,2023-07-31
1331,PIEMONTE,3.999,4.036,2023-07-31
1332,PUGLIA,2.912,4.199,2023-07-31
1333,SARDEGNA,2.617,2.070,2023-07-31
1334,SICILIA,6.476,6.376,2023-07-31
1335,TOSCANA,3.218,2.989,2023-07-31
1336,TRENTINO ALTO ADIGE,508,446,2023-07-31
1337,UMBRIA,1.342,1.427,2023-07-31
1338,VALLE D'AOSTA,181,111,2023-07-31
1339,VENETO,1.947,2.512,2023-07-31
1340,ABRUZZO,1.653,1.928,2023-08-31
1341,BASILICATA,368,451,2023-08-31
1342,CALABRIA,2.725,3.023,2023-08-31
1343,CAMPANIA,6.189,7.094,2023-08-31
1344,EMILIA ROMAGNA,2.979,3.471,2023-08-31
1345,FRIULI VENEZIA GIULIA,476,609,2023-08-31
1346,LAZIO,5.287,6.304,2023-08-31
1347,LIGURIA,1.110,1.402,2023-08-31
1348,LOMBARDIA,6.153,8.543,2023-08-31
1349,MARCHE,835,881,2023-08-31
1350,MOLISE,275,307,2023-08-31
1351,PIEMONTE,3.999,4.060,2023-08-31
1352,PUGLIA,2.923,4.254,2023-08-31
1353,SARDEGNA,2.617,2.085,2023-08-31
1354,SICILIA,6.476,6.436,2023-08-31
1355,TOSCANA,3.163,3.046,2023-08-31
1356,TRENTINO ALTO ADIGE,508,464,2023-08-31
1357,UMBRIA,1.342,1.427,2023-08-31
1358,VALLE D'AOSTA,181,114,2023-08-31
1359,VENETO,1.947,2.529,2023-08-31
1360,ABRUZZO,1.714,1.930,2023-09-30
1361,BASILICATA,368,468,2023-09-30
1362,CALABRIA,2.725,3.046,2023-09-30
1363,CAMPANIA,6.165,7.199,2023-09-30
1364,EMILIA ROMAGNA,2.979,3.491,2023-09-30
1365,FRIULI VENEZIA GIULIA,476,587,2023-09-30
1366,LAZIO,5.337,6.381,2023-09-30
1367,LIGURIA,1.110,1.408,2023-09-30
1368,LOMBARDIA,6.153,8.597,2023-09-30
1369,MARCHE,837,901,2023-09-30
1370,MOLISE,275,312,2023-09-30
1371,PIEMONTE,3.999,4.139,2023-09-30
1372,PUGLIA,2.912,4.309,2023-09-30
1373,SARDEGNA,2.616,2.117,2023-09-30
1374,SICILIA,6.476,6.472,2023-09-30
1375,TOSCANA,3.163,3.062,2023-09-30
1376,TRENTINO ALTO ADIGE,508,463,2023-09-30
1377,UMBRIA,1.344,1.430,2023-09-30
1378,VALLE D'AOSTA,181,111,2023-09-30
1379,VENETO,1.947,2.564,2023-09-30
1380,ABRUZZO,1.714,1.958,2023-10-31
1381,BASILICATA,368,476,2023-10-31
1382,CALABRIA,2.719,3.080,2023-10-31
1383,CAMPANIA,6.165,7.279,2023-10-31
1384,EMILIA ROMAGNA,2.979,3.481,2023-10-31
1385,FRIULI VENEZIA GIULIA,475,626,2023-10-31
1386,LAZIO,5.334,6.453,2023-10-31
1387,LIGURIA,1.110,1.415,2023-10-31
1388,LOMBARDIA,6.153,8.691,2023-10-31
1389,MARCHE,837,914,2023-10-31
1390,MOLISE,275,297,2023-10-31
1391,PIEMONTE,3.999,4.215,2023-10-31
1392,PUGLIA,2.912,4.387,2023-10-31
1393,SARDEGNA,2.616,2.133,2023-10-31
1394,SICILIA,6.476,6.591,2023-10-31
1395,TOSCANA,3.163,3.092,2023-10-31
1396,TRENTINO ALTO ADIGE,508,466,2023-10-31
1397,UMBRIA,1.344,1.443,2023-10-31
1398,VALLE D'AOSTA,181,123,2023-10-31
1399,VENETO,1.947,2.595,2023-10-31
1400,ABRUZZO,1.714,1.947,2023-11-30
1401,BASILICATA,368,480,2023-11-30
1402,CALABRIA,2.711,3.101,2023-11-30
1403,CAMPANIA,6.171,7.303,2023-11-30
1404,EMILIA ROMAGNA,2.979,3.520,2023-11-30
1405,FRIULI VENEZIA GIULIA,475,632,2023-11-30
1406,LAZIO,5.334,6.465,2023-11-30
1407,LIGURIA,1.110,1.410,2023-11-30
1408,LOMBARDIA,6.152,8.733,2023-11-30
1409,MARCHE,837,907,2023-11-30
1410,MOLISE,275,309,2023-11-30
1411,PIEMONTE,3.999,4.229,2023-11-30
1412,PUGLIA,2.912,4.475,2023-11-30
1413,SARDEGNA,2.616,2.149,2023-11-30
1414,SICILIA,6.476,6.680,2023-11-30
1415,TOSCANA,3.163,3.094,2023-11-30
1416,TRENTINO ALTO ADIGE,508,476,2023-11-30
1417,UMBRIA,1.344,1.468,2023-11-30
1418,VALLE D'AOSTA,181,136,2023-11-30
1419,VENETO,1.947,2.602,2023-11-30
1420,ABRUZZO,1.689,1.958,2023-12-31
1421,BASILICATA,368,479,2023-12-31
1422,CALABRIA,2.711,3.038,2023-12-31
1423,CAMPANIA,6.171,7.330,2023-12-31
1424,EMILIA ROMAGNA,2.979,3.572,2023-12-31
1425,FRIULI VENEZIA GIULIA,475,639,2023-12-31
1426,LAZIO,5.284,6.537,2023-12-31
1427,LIGURIA,1.110,1.360,2023-12-31
1428,LOMBARDIA,6.149,8.722,2023-12-31
1429,MARCHE,837,919,2023-12-31
1430,MOLISE,275,317,2023-12-31
1431,PIEMONTE,3.982,4.231,2023-12-31
1432,PUGLIA,2.912,4.420,2023-12-31
1433,SARDEGNA,2.616,2.140,2023-12-31
1434,SICILIA,6.476,6.711,2023-12-31
1435,TOSCANA,3.163,3.094,2023-12-31
1436,TRENTINO ALTO ADIGE,510,483,2023-12-31
1437,UMBRIA,1.344,1.484,2023-12-31
1438,VALLE D'AOSTA,181,132,2023-12-31
1439,VENETO,1.947,2.600,2023-12-31
