,Region,Capacity,Present,Date,Occupancy Rate,Region Group
0,ABRUZZO,1.608,1.876,2018-01-31,0.16666666666666652,sud
1,BASILICATA,416.0,531.0,2018-01-31,0.2764423076923077,sud
2,CALABRIA,2.7,2.637,2018-01-31,-0.023333333333333428,sud
3,CAMPANIA,6.161,7.321,2018-01-31,0.1882811231942867,sud
4,EMILIA ROMAGNA,2.811,3.463,2018-01-31,0.23194592671647096,nord-est
5,FRIULI VENEZIA GIULIA,480.0,678.0,2018-01-31,0.4125000000000001,nord-est
6,LAZIO,5.258,6.326,2018-01-31,0.20311905667554186,centro
7,LIGURIA,1.118,1.403,2018-01-31,0.25491949910554546,centro
8,LOMBARDIA,6.226,8.527,2018-01-31,0.36957918406681656,centro
9,MARCHE,898.0,934.0,2018-01-31,0.04008908685968815,centro
10,MOLISE,264.0,417.0,2018-01-31,0.5795454545454546,sud
11,PIEMONTE,3.974,4.236,2018-01-31,0.06592853548062405,centro
12,PUGLIA,2.337,3.408,2018-01-31,0.4582798459563542,sud
13,SARDEGNA,2.713,2.336,2018-01-31,-0.13896056026538894,isole
14,SICILIA,6.443,6.396,2018-01-31,-0.007294738475865259,isole
15,TOSCANA,3.145,3.305,2018-01-31,0.050874403815580393,centro
16,TRENTINO ALTO ADIGE,506.0,418.0,2018-01-31,-0.17391304347826086,nord-est
17,UMBRIA,1.331,1.386,2018-01-31,0.04132231404958664,centro
18,VALLE D'AOSTA,181.0,188.0,2018-01-31,0.03867403314917128,centro
19,VENETO,1.947,2.301,2018-01-31,0.18181818181818188,nord-est
20,ABRUZZO,1.643,1.887,2018-02-28,0.14850882531953746,sud
21,BASILICATA,413.0,521.0,2018-02-28,0.2615012106537531,sud
22,CALABRIA,2.7,2.65,2018-02-28,-0.0185185185185186,sud
23,CAMPANIA,6.16,7.364,2018-02-28,0.19545454545454533,sud
24,EMILIA ROMAGNA,2.811,3.464,2018-02-28,0.2323016720028459,nord-est
25,FRIULI VENEZIA GIULIA,480.0,686.0,2018-02-28,0.4291666666666667,nord-est
26,LAZIO,5.257,6.265,2018-02-28,0.1917443408788282,centro
27,LIGURIA,1.137,1.445,2018-02-28,0.2708883025505717,centro
28,LOMBARDIA,6.226,8.54,2018-02-28,0.37166720205589443,centro
29,MARCHE,898.0,944.0,2018-02-28,0.05122494432071267,centro
30,MOLISE,264.0,420.0,2018-02-28,0.5909090909090908,sud
31,PIEMONTE,3.974,4.175,2018-02-28,0.05057876195269251,centro
32,PUGLIA,2.337,3.469,2018-02-28,0.48438168592212216,sud
33,SARDEGNA,2.713,2.33,2018-02-28,-0.1411721341688168,isole
34,SICILIA,6.466,6.398,2018-02-28,-0.010516548097742162,isole
35,TOSCANA,3.145,3.316,2018-02-28,0.054372019077901346,centro
36,TRENTINO ALTO ADIGE,506.0,408.0,2018-02-28,-0.19367588932806323,nord-est
37,UMBRIA,1.331,1.384,2018-02-28,0.03981968444778361,centro
38,VALLE D'AOSTA,181.0,176.0,2018-02-28,-0.027624309392265234,centro
39,VENETO,1.947,2.321,2018-02-28,0.192090395480226,nord-est
40,ABRUZZO,1.643,1.903,2018-03-31,0.15824710894704808,sud
41,BASILICATA,413.0,506.0,2018-03-31,0.2251815980629539,sud
42,CALABRIA,2.734,2.659,2018-03-31,-0.027432333577176338,sud
43,CAMPANIA,6.162,7.347,2018-03-31,0.1923076923076923,sud
44,EMILIA ROMAGNA,2.811,3.435,2018-03-31,0.22198505869797236,nord-est
45,FRIULI VENEZIA GIULIA,480.0,675.0,2018-03-31,0.40625,nord-est
46,LAZIO,5.257,6.303,2018-03-31,0.19897279817386337,centro
47,LIGURIA,1.129,1.433,2018-03-31,0.2692648361381753,centro
48,LOMBARDIA,6.226,8.574,2018-03-31,0.37712817218117567,centro
49,MARCHE,898.0,911.0,2018-03-31,0.014476614699331813,centro
50,MOLISE,263.0,421.0,2018-03-31,0.6007604562737643,sud
51,PIEMONTE,3.975,4.25,2018-03-31,0.0691823899371069,centro
52,PUGLIA,2.329,3.47,2018-03-31,0.48990983254615705,sud
53,SARDEGNA,2.713,2.337,2018-03-31,-0.1385919646148175,isole
54,SICILIA,6.47,6.321,2018-03-31,-0.02302936630602781,isole
55,TOSCANA,3.145,3.311,2018-03-31,0.05278219395866457,centro
56,TRENTINO ALTO ADIGE,506.0,410.0,2018-03-31,-0.18972332015810278,nord-est
57,UMBRIA,1.331,1.414,2018-03-31,0.06235912847483083,centro
58,VALLE D'AOSTA,181.0,201.0,2018-03-31,0.11049723756906071,centro
59,VENETO,1.947,2.342,2018-03-31,0.2028762198253724,nord-est
60,ABRUZZO,1.643,1.914,2018-04-30,0.16494217894096153,sud
61,BASILICATA,413.0,512.0,2018-04-30,0.23970944309927367,sud
62,CALABRIA,2.734,2.644,2018-04-30,-0.032918800292611516,sud
63,CAMPANIA,6.162,7.412,2018-04-30,0.20285621551444333,sud
64,EMILIA ROMAGNA,2.811,3.48,2018-04-30,0.2379935965848452,nord-est
65,FRIULI VENEZIA GIULIA,480.0,642.0,2018-04-30,0.3374999999999999,nord-est
66,LAZIO,5.257,6.363,2018-04-30,0.21038615179760334,centro
67,LIGURIA,1.129,1.441,2018-04-30,0.27635075287865374,centro
68,LOMBARDIA,6.226,8.482,2018-04-30,0.3623514294892385,centro
69,MARCHE,898.0,899.0,2018-04-30,0.00111358574610243,centro
70,MOLISE,263.0,421.0,2018-04-30,0.6007604562737643,sud
71,PIEMONTE,3.975,4.283,2018-04-30,0.07748427672955982,centro
72,PUGLIA,2.329,3.48,2018-04-30,0.494203520824388,sud
73,SARDEGNA,2.713,2.307,2018-04-30,-0.14964983413195732,isole
74,SICILIA,6.476,6.312,2018-04-30,-0.025324274243360034,isole
75,TOSCANA,3.145,3.359,2018-04-30,0.06804451510333864,centro
76,TRENTINO ALTO ADIGE,506.0,404.0,2018-04-30,-0.20158102766798414,nord-est
77,UMBRIA,1.331,1.391,2018-04-30,0.04507888805409466,centro
78,VALLE D'AOSTA,181.0,202.0,2018-04-30,0.11602209944751385,centro
79,VENETO,1.947,2.337,2018-04-30,0.20030816640986138,nord-est
80,ABRUZZO,1.643,1.885,2018-05-31,0.14729153986609855,sud
81,BASILICATA,413.0,509.0,2018-05-31,0.23244552058111378,sud
82,CALABRIA,2.734,2.707,2018-05-31,-0.009875640087783522,sud
83,CAMPANIA,6.161,7.495,2018-05-31,0.21652329167342965,sud
84,EMILIA ROMAGNA,2.808,3.53,2018-05-31,0.25712250712250717,nord-est
85,FRIULI VENEZIA GIULIA,480.0,650.0,2018-05-31,0.35416666666666674,nord-est
86,LAZIO,5.272,6.368,2018-05-31,0.2078907435508346,centro
87,LIGURIA,1.129,1.442,2018-05-31,0.2772364924712134,centro
88,LOMBARDIA,6.226,8.55,2018-05-31,0.37327336973980096,centro
89,MARCHE,898.0,902.0,2018-05-31,0.00445434298440972,centro
90,MOLISE,270.0,422.0,2018-05-31,0.5629629629629629,sud
91,PIEMONTE,3.972,4.323,2018-05-31,0.08836858006042303,centro
92,PUGLIA,2.322,3.529,2018-05-31,0.5198105081826012,sud
93,SARDEGNA,2.713,2.258,2018-05-31,-0.16771102100995205,isole
94,SICILIA,6.464,6.31,2018-05-31,-0.02382425742574268,isole
95,TOSCANA,3.145,3.345,2018-05-31,0.06359300476947549,centro
96,TRENTINO ALTO ADIGE,506.0,417.0,2018-05-31,-0.1758893280632411,nord-est
97,UMBRIA,1.331,1.389,2018-05-31,0.04357625845229163,centro
98,VALLE D'AOSTA,181.0,215.0,2018-05-31,0.18784530386740328,centro
99,VENETO,1.947,2.323,2018-05-31,0.19311761684643036,nord-est
100,ABRUZZO,1.643,1.914,2018-06-30,0.16494217894096153,sud
101,BASILICATA,413.0,533.0,2018-06-30,0.2905569007263922,sud
102,CALABRIA,2.734,2.775,2018-06-30,0.014996342355523051,sud
103,CAMPANIA,6.161,7.459,2018-06-30,0.2106800844018828,sud
104,EMILIA ROMAGNA,2.808,3.56,2018-06-30,0.2678062678062678,nord-est
105,FRIULI VENEZIA GIULIA,480.0,628.0,2018-06-30,0.30833333333333335,nord-est
106,LAZIO,5.27,6.398,2018-06-30,0.21404174573055035,centro
107,LIGURIA,1.129,1.455,2018-06-30,0.2887511071744908,centro
108,LOMBARDIA,6.226,8.5,2018-06-30,0.36524253132026985,centro
109,MARCHE,898.0,898.0,2018-06-30,0.0,centro
110,MOLISE,270.0,418.0,2018-06-30,0.548148148148148,sud
111,PIEMONTE,3.978,4.356,2018-06-30,0.09502262443438902,centro
112,PUGLIA,2.322,3.578,2018-06-30,0.540913006029285,sud
113,SARDEGNA,2.713,2.248,2018-06-30,-0.1713969775156653,isole
114,SICILIA,6.476,6.376,2018-06-30,-0.01544163063619508,isole
115,TOSCANA,3.146,3.333,2018-06-30,0.05944055944055959,centro
116,TRENTINO ALTO ADIGE,506.0,416.0,2018-06-30,-0.17786561264822132,nord-est
117,UMBRIA,1.331,1.369,2018-06-30,0.02854996243426,centro
118,VALLE D'AOSTA,181.0,226.0,2018-06-30,0.24861878453038666,centro
119,VENETO,1.947,2.319,2018-06-30,0.1910631741140214,nord-est
120,ABRUZZO,1.643,1.942,2018-07-31,0.18198417528910515,sud
121,BASILICATA,413.0,552.0,2018-07-31,0.3365617433414043,sud
122,CALABRIA,2.734,2.753,2018-07-31,0.006949524506218108,sud
123,CAMPANIA,6.161,7.41,2018-07-31,0.20272683006005532,sud
124,EMILIA ROMAGNA,2.808,3.536,2018-07-31,0.2592592592592593,nord-est
125,FRIULI VENEZIA GIULIA,480.0,623.0,2018-07-31,0.2979166666666666,nord-est
126,LAZIO,5.27,6.314,2018-07-31,0.198102466793169,centro
127,LIGURIA,1.129,1.455,2018-07-31,0.2887511071744908,centro
128,LOMBARDIA,6.226,8.369,2018-07-31,0.3442017346610986,centro
129,MARCHE,898.0,923.0,2018-07-31,0.027839643652561197,centro
130,MOLISE,270.0,413.0,2018-07-31,0.5296296296296297,sud
131,PIEMONTE,3.976,4.38,2018-07-31,0.10160965794768617,centro
132,PUGLIA,2.322,3.538,2018-07-31,0.5236864771748491,sud
133,SARDEGNA,2.713,2.235,2018-07-31,-0.17618872097309257,isole
134,SICILIA,6.471,6.359,2018-07-31,-0.017307989491577858,isole
135,TOSCANA,3.146,3.337,2018-07-31,0.06071201525746983,centro
136,TRENTINO ALTO ADIGE,506.0,412.0,2018-07-31,-0.18577075098814233,nord-est
137,UMBRIA,1.331,1.39,2018-07-31,0.04432757325319314,centro
138,VALLE D'AOSTA,181.0,228.0,2018-07-31,0.2596685082872927,centro
139,VENETO,1.946,2.337,2018-07-31,0.20092497430626932,nord-est
140,ABRUZZO,1.64,1.96,2018-08-31,0.19512195121951215,sud
141,BASILICATA,413.0,570.0,2018-08-31,0.38014527845036317,sud
142,CALABRIA,2.734,2.698,2018-08-31,-0.013167520117044584,sud
143,CAMPANIA,6.161,7.477,2018-08-31,0.21360168803765633,sud
144,EMILIA ROMAGNA,2.806,3.576,2018-08-31,0.27441197434069853,nord-est
145,FRIULI VENEZIA GIULIA,480.0,629.0,2018-08-31,0.31041666666666656,nord-est
146,LAZIO,5.27,6.4,2018-08-31,0.21442125237191667,centro
147,LIGURIA,1.128,1.489,2018-08-31,0.3200354609929079,centro
148,LOMBARDIA,6.226,8.44,2018-08-31,0.35560552521683264,centro
149,MARCHE,898.0,940.0,2018-08-31,0.04677060133630295,centro
150,MOLISE,270.0,393.0,2018-08-31,0.4555555555555555,sud
151,PIEMONTE,3.976,4.445,2018-08-31,0.11795774647887325,centro
152,PUGLIA,2.322,3.611,2018-08-31,0.5551248923341947,sud
153,SARDEGNA,2.713,2.257,2018-08-31,-0.1680796166605234,isole
154,SICILIA,6.475,6.4,2018-08-31,-0.011583011583011449,isole
155,TOSCANA,3.146,3.386,2018-08-31,0.07628734901462186,centro
156,TRENTINO ALTO ADIGE,506.0,430.0,2018-08-31,-0.15019762845849804,nord-est
157,UMBRIA,1.331,1.4,2018-08-31,0.05184072126220873,centro
158,VALLE D'AOSTA,181.0,229.0,2018-08-31,0.26519337016574585,centro
159,VENETO,1.946,2.405,2018-08-31,0.23586844809866392,nord-est
160,ABRUZZO,1.64,1.95,2018-09-30,0.18902439024390238,sud
161,BASILICATA,413.0,564.0,2018-09-30,0.3656174334140436,sud
162,CALABRIA,2.734,2.752,2018-09-30,0.006583760058522126,sud
163,CAMPANIA,6.163,7.515,2018-09-30,0.21937368164854765,sud
164,EMILIA ROMAGNA,2.805,3.584,2018-09-30,0.27771836007130113,nord-est
165,FRIULI VENEZIA GIULIA,480.0,635.0,2018-09-30,0.32291666666666674,nord-est
166,LAZIO,5.27,6.375,2018-09-30,0.20967741935483875,centro
167,LIGURIA,1.128,1.481,2018-09-30,0.31294326241134773,centro
168,LOMBARDIA,6.226,8.439,2018-09-30,0.3554449084484421,centro
169,MARCHE,897.0,938.0,2018-09-30,0.04570791527313256,centro
170,MOLISE,270.0,408.0,2018-09-30,0.5111111111111111,sud
171,PIEMONTE,3.976,4.432,2018-09-30,0.11468812877263601,centro
172,PUGLIA,2.322,3.689,2018-09-30,0.5887166236003445,sud
173,SARDEGNA,2.7,2.216,2018-09-30,-0.17925925925925923,isole
174,SICILIA,6.485,6.413,2018-09-30,-0.011102544333076336,isole
175,TOSCANA,3.146,3.432,2018-09-30,0.09090909090909083,centro
176,TRENTINO ALTO ADIGE,506.0,417.0,2018-09-30,-0.1758893280632411,nord-est
177,UMBRIA,1.334,1.409,2018-09-30,0.05622188905547221,centro
178,VALLE D'AOSTA,181.0,223.0,2018-09-30,0.2320441988950277,centro
179,VENETO,1.946,2.403,2018-09-30,0.23484069886947578,nord-est
180,ABRUZZO,1.64,1.95,2018-10-31,0.18902439024390238,sud
181,BASILICATA,413.0,560.0,2018-10-31,0.35593220338983045,sud
182,CALABRIA,2.734,2.787,2018-10-31,0.019385515727871283,sud
183,CAMPANIA,6.142,7.627,2018-10-31,0.24177792250081387,sud
184,EMILIA ROMAGNA,2.805,3.645,2018-10-31,0.2994652406417111,nord-est
185,FRIULI VENEZIA GIULIA,480.0,625.0,2018-10-31,0.30208333333333326,nord-est
186,LAZIO,5.27,6.492,2018-10-31,0.23187855787476286,centro
187,LIGURIA,1.128,1.508,2018-10-31,0.3368794326241136,centro
188,LOMBARDIA,6.223,8.507,2018-10-31,0.3670255503776314,centro
189,MARCHE,897.0,934.0,2018-10-31,0.04124860646599782,centro
190,MOLISE,270.0,385.0,2018-10-31,0.4259259259259258,sud
191,PIEMONTE,3.976,4.455,2018-10-31,0.12047283702213285,centro
192,PUGLIA,2.322,3.732,2018-10-31,0.6072351421188631,sud
193,SARDEGNA,2.7,2.212,2018-10-31,-0.18074074074074076,isole
194,SICILIA,6.503,6.512,2018-10-31,0.0013839766261725117,isole
195,TOSCANA,3.146,3.372,2018-10-31,0.07183725365543547,centro
196,TRENTINO ALTO ADIGE,506.0,441.0,2018-10-31,-0.12845849802371545,nord-est
197,UMBRIA,1.334,1.432,2018-10-31,0.07346326836581696,centro
198,VALLE D'AOSTA,181.0,223.0,2018-10-31,0.2320441988950277,centro
199,VENETO,1.946,2.404,2018-10-31,0.23535457348406985,nord-est
200,ABRUZZO,1.64,1.974,2018-11-30,0.2036585365853658,sud
201,BASILICATA,413.0,560.0,2018-11-30,0.35593220338983045,sud
202,CALABRIA,2.734,2.822,2018-11-30,0.03218727139722022,sud
203,CAMPANIA,6.142,7.699,2018-11-30,0.2535004884402474,sud
204,EMILIA ROMAGNA,2.805,3.569,2018-11-30,0.2723707664884134,nord-est
205,FRIULI VENEZIA GIULIA,480.0,630.0,2018-11-30,0.3125,nord-est
206,LAZIO,5.259,6.517,2018-11-30,0.23920897509032124,centro
207,LIGURIA,1.128,1.512,2018-11-30,0.34042553191489366,centro
208,LOMBARDIA,6.223,8.546,2018-11-30,0.3732926241362686,centro
209,MARCHE,897.0,949.0,2018-11-30,0.05797101449275366,centro
210,MOLISE,270.0,381.0,2018-11-30,0.4111111111111112,sud
211,PIEMONTE,3.976,4.483,2018-11-30,0.12751509054325938,centro
212,PUGLIA,2.322,3.731,2018-11-30,0.606804478897502,sud
213,SARDEGNA,2.706,2.204,2018-11-30,-0.1855136733185513,isole
214,SICILIA,6.499,6.538,2018-11-30,0.006000923218956844,isole
215,TOSCANA,3.146,3.406,2018-11-30,0.08264462809917372,centro
216,TRENTINO ALTO ADIGE,506.0,455.0,2018-11-30,-0.10079051383399207,nord-est
217,UMBRIA,1.334,1.4,2018-11-30,0.0494752623688155,centro
218,VALLE D'AOSTA,181.0,223.0,2018-11-30,0.2320441988950277,centro
219,VENETO,1.922,2.403,2018-11-30,0.25026014568158184,nord-est
220,ABRUZZO,1.64,1.973,2018-12-31,0.20304878048780495,sud
221,BASILICATA,413.0,559.0,2018-12-31,0.35351089588377715,sud
222,CALABRIA,2.734,2.805,2018-12-31,0.02596927578639363,sud
223,CAMPANIA,6.142,7.66,2018-12-31,0.24715076522305424,sud
224,EMILIA ROMAGNA,2.805,3.554,2018-12-31,0.2670231729055257,nord-est
225,FRIULI VENEZIA GIULIA,480.0,641.0,2018-12-31,0.3354166666666667,nord-est
226,LAZIO,5.256,6.534,2018-12-31,0.24315068493150682,centro
227,LIGURIA,1.128,1.474,2018-12-31,0.30673758865248235,centro
228,LOMBARDIA,6.226,8.494,2018-12-31,0.36427883070992606,centro
229,MARCHE,897.0,929.0,2018-12-31,0.035674470457079055,centro
230,MOLISE,270.0,387.0,2018-12-31,0.43333333333333335,sud
231,PIEMONTE,3.976,4.478,2018-12-31,0.1262575452716297,centro
232,PUGLIA,2.322,3.646,2018-12-31,0.5701981050818259,sud
233,SARDEGNA,2.706,2.159,2018-12-31,-0.20214338507021434,isole
234,SICILIA,6.497,6.469,2018-12-31,-0.004309681391411302,isole
235,TOSCANA,3.146,3.406,2018-12-31,0.08264462809917372,centro
236,TRENTINO ALTO ADIGE,506.0,400.0,2018-12-31,-0.20948616600790515,nord-est
237,UMBRIA,1.334,1.431,2018-12-31,0.07271364317841078,centro
238,VALLE D'AOSTA,181.0,221.0,2018-12-31,0.22099447513812165,centro
239,VENETO,1.922,2.435,2018-12-31,0.26690946930280957,nord-est
240,ABRUZZO,1.627,1.949,2019-01-31,0.1979102642901045,sud
241,BASILICATA,413.0,520.0,2019-01-31,0.2590799031476998,sud
242,CALABRIA,2.734,2.902,2019-01-31,0.06144842721287502,sud
243,CAMPANIA,6.134,7.787,2019-01-31,0.26948157808933804,sud
244,EMILIA ROMAGNA,2.805,3.569,2019-01-31,0.2723707664884134,nord-est
245,FRIULI VENEZIA GIULIA,480.0,651.0,2019-01-31,0.35624999999999996,nord-est
246,LAZIO,5.258,6.58,2019-01-31,0.2514263978699125,centro
247,LIGURIA,1.128,1.474,2019-01-31,0.30673758865248235,centro
248,LOMBARDIA,6.226,8.54,2019-01-31,0.37166720205589443,centro
249,MARCHE,897.0,940.0,2019-01-31,0.047937569676700154,centro
250,MOLISE,270.0,377.0,2019-01-31,0.39629629629629637,sud
251,PIEMONTE,3.976,4.491,2019-01-31,0.12952716297786715,centro
252,PUGLIA,2.319,3.718,2019-01-31,0.6032772746873654,sud
253,SARDEGNA,2.706,2.15,2019-01-31,-0.2054693274205469,isole
254,SICILIA,6.493,6.553,2019-01-31,0.009240720776220401,isole
255,TOSCANA,3.146,3.392,2019-01-31,0.07819453273998733,centro
256,TRENTINO ALTO ADIGE,506.0,386.0,2019-01-31,-0.23715415019762842,nord-est
257,UMBRIA,1.329,1.44,2019-01-31,0.08352144469525968,centro
258,VALLE D'AOSTA,181.0,227.0,2019-01-31,0.2541436464088398,centro
259,VENETO,1.922,2.479,2019-01-31,0.289802289281998,nord-est
260,ABRUZZO,1.627,1.979,2019-02-28,0.21634910878918268,sud
261,BASILICATA,413.0,495.0,2019-02-28,0.1985472154963681,sud
262,CALABRIA,2.734,2.931,2019-02-28,0.07205559619604984,sud
263,CAMPANIA,6.138,7.795,2019-02-28,0.26995764092538277,sud
264,EMILIA ROMAGNA,2.805,3.621,2019-02-28,0.2909090909090908,nord-est
265,FRIULI VENEZIA GIULIA,480.0,666.0,2019-02-28,0.38749999999999996,nord-est
266,LAZIO,5.258,6.583,2019-02-28,0.2519969570178775,centro
267,LIGURIA,1.128,1.487,2019-02-28,0.31826241134751787,centro
268,LOMBARDIA,6.198,8.605,2019-02-28,0.38835108099386906,centro
269,MARCHE,897.0,936.0,2019-02-28,0.04347826086956519,centro
270,MOLISE,270.0,380.0,2019-02-28,0.40740740740740744,sud
271,PIEMONTE,3.976,4.513,2019-02-28,0.13506036217303818,centro
272,PUGLIA,2.319,3.736,2019-02-28,0.6110392410521779,sud
273,SARDEGNA,2.706,2.145,2019-02-28,-0.20731707317073167,isole
274,SICILIA,6.493,6.508,2019-02-28,0.002310180194055045,isole
275,TOSCANA,3.146,3.428,2019-02-28,0.08963763509218059,centro
276,TRENTINO ALTO ADIGE,506.0,379.0,2019-02-28,-0.2509881422924901,nord-est
277,UMBRIA,1.329,1.43,2019-02-28,0.07599699021820916,centro
278,VALLE D'AOSTA,181.0,234.0,2019-02-28,0.2928176795580111,centro
279,VENETO,1.918,2.497,2019-02-28,0.3018769551616267,nord-est
280,ABRUZZO,1.627,2.018,2019-03-31,0.2403196066379838,sud
281,BASILICATA,413.0,449.0,2019-03-31,0.0871670702179177,sud
282,CALABRIA,2.734,2.882,2019-03-31,0.05413313825896138,sud
283,CAMPANIA,6.136,7.835,2019-03-31,0.27689048239895686,sud
284,EMILIA ROMAGNA,2.805,3.641,2019-03-31,0.29803921568627434,nord-est
285,FRIULI VENEZIA GIULIA,480.0,675.0,2019-03-31,0.40625,nord-est
286,LAZIO,5.258,6.562,2019-03-31,0.2480030429821225,centro
287,LIGURIA,1.124,1.527,2019-03-31,0.3585409252669036,centro
288,LOMBARDIA,6.197,8.635,2019-03-31,0.3934161691140874,centro
289,MARCHE,897.0,924.0,2019-03-31,0.030100334448160515,centro
290,MOLISE,270.0,407.0,2019-03-31,0.5074074074074073,sud
291,PIEMONTE,3.976,4.57,2019-03-31,0.1493963782696177,centro
292,PUGLIA,2.319,3.765,2019-03-31,0.6235446313065978,sud
293,SARDEGNA,2.706,2.151,2019-03-31,-0.20509977827051007,isole
294,SICILIA,6.493,6.571,2019-03-31,0.012012937009086677,isole
295,TOSCANA,3.145,3.42,2019-03-31,0.08744038155802869,centro
296,TRENTINO ALTO ADIGE,506.0,403.0,2019-03-31,-0.20355731225296447,nord-est
297,UMBRIA,1.329,1.434,2019-03-31,0.07900677200902928,centro
298,VALLE D'AOSTA,181.0,241.0,2019-03-31,0.33149171270718236,centro
299,VENETO,1.918,2.501,2019-03-31,0.3039624608967675,nord-est
300,ABRUZZO,1.645,2.035,2019-04-30,0.237082066869301,sud
301,BASILICATA,413.0,434.0,2019-04-30,0.05084745762711873,sud
302,CALABRIA,2.734,2.922,2019-04-30,0.06876371616678867,sud
303,CAMPANIA,6.136,7.844,2019-04-30,0.2783572359843547,sud
304,EMILIA ROMAGNA,2.805,3.635,2019-04-30,0.2959001782531192,nord-est
305,FRIULI VENEZIA GIULIA,480.0,641.0,2019-04-30,0.3354166666666667,nord-est
306,LAZIO,5.252,6.528,2019-04-30,0.24295506473724293,centro
307,LIGURIA,1.125,1.527,2019-04-30,0.3573333333333333,centro
308,LOMBARDIA,6.199,8.61,2019-04-30,0.3889336989837069,centro
309,MARCHE,897.0,879.0,2019-04-30,-0.02006688963210701,centro
310,MOLISE,270.0,419.0,2019-04-30,0.5518518518518518,sud
311,PIEMONTE,3.976,4.584,2019-04-30,0.15291750503018098,centro
312,PUGLIA,2.319,3.723,2019-04-30,0.6054333764553688,sud
313,SARDEGNA,2.706,2.148,2019-04-30,-0.2062084257206208,isole
314,SICILIA,6.48,6.509,2019-04-30,0.004475308641975317,isole
315,TOSCANA,3.145,3.456,2019-04-30,0.09888712241653419,centro
316,TRENTINO ALTO ADIGE,506.0,403.0,2019-04-30,-0.20355731225296447,nord-est
317,UMBRIA,1.324,1.411,2019-04-30,0.0657099697885195,centro
318,VALLE D'AOSTA,181.0,233.0,2019-04-30,0.28729281767955794,centro
319,VENETO,1.918,2.498,2019-04-30,0.30239833159541196,nord-est
320,ABRUZZO,1.645,2.0,2019-05-31,0.21580547112462,sud
321,BASILICATA,413.0,464.0,2019-05-31,0.12348668280871666,sud
322,CALABRIA,2.734,2.913,2019-05-31,0.06547183613752727,sud
323,CAMPANIA,6.131,7.841,2019-05-31,0.2789104550644266,sud
324,EMILIA ROMAGNA,2.795,3.631,2019-05-31,0.2991055456171734,nord-est
325,FRIULI VENEZIA GIULIA,480.0,653.0,2019-05-31,0.3604166666666666,nord-est
326,LAZIO,5.254,6.52,2019-05-31,0.24095926912828314,centro
327,LIGURIA,1.131,1.509,2019-05-31,0.33421750663129957,centro
328,LOMBARDIA,6.199,8.61,2019-05-31,0.3889336989837069,centro
329,MARCHE,897.0,890.0,2019-05-31,-0.0078037904124860225,centro
330,MOLISE,270.0,414.0,2019-05-31,0.5333333333333334,sud
331,PIEMONTE,3.972,4.592,2019-05-31,0.15609264853977844,centro
332,PUGLIA,2.319,3.743,2019-05-31,0.6140577835273824,sud
333,SARDEGNA,2.706,2.19,2019-05-31,-0.19068736141906872,isole
334,SICILIA,6.484,6.48,2019-05-31,-0.0006169031462059937,isole
335,TOSCANA,3.145,3.523,2019-05-31,0.12019077901430841,centro
336,TRENTINO ALTO ADIGE,506.0,414.0,2019-05-31,-0.18181818181818177,nord-est
337,UMBRIA,1.324,1.407,2019-05-31,0.06268882175226587,centro
338,VALLE D'AOSTA,181.0,224.0,2019-05-31,0.2375690607734806,centro
339,VENETO,1.942,2.458,2019-05-31,0.26570545829042236,nord-est
340,ABRUZZO,1.645,2.027,2019-06-30,0.2322188449848026,sud
341,BASILICATA,413.0,469.0,2019-06-30,0.13559322033898313,sud
342,CALABRIA,2.734,2.869,2019-06-30,0.049378200438917386,sud
343,CAMPANIA,6.133,7.849,2019-06-30,0.27979781509864665,sud
344,EMILIA ROMAGNA,2.795,3.695,2019-06-30,0.3220035778175312,nord-est
345,FRIULI VENEZIA GIULIA,477.0,652.0,2019-06-30,0.36687631027253675,nord-est
346,LAZIO,5.254,6.484,2019-06-30,0.23410734678340317,centro
347,LIGURIA,1.104,1.504,2019-06-30,0.36231884057971,centro
348,LOMBARDIA,6.199,8.574,2019-06-30,0.38312631069527336,centro
349,MARCHE,897.0,886.0,2019-06-30,-0.012263099219620988,centro
350,MOLISE,270.0,414.0,2019-06-30,0.5333333333333334,sud
351,PIEMONTE,3.972,4.636,2019-06-30,0.16717019133937572,centro
352,PUGLIA,2.319,3.812,2019-06-30,0.6438119879258302,sud
353,SARDEGNA,2.706,2.189,2019-06-30,-0.19105691056910568,isole
354,SICILIA,6.484,6.452,2019-06-30,-0.004935225169648394,isole
355,TOSCANA,3.141,3.55,2019-06-30,0.13021330786373753,centro
356,TRENTINO ALTO ADIGE,506.0,417.0,2019-06-30,-0.1758893280632411,nord-est
357,UMBRIA,1.324,1.407,2019-06-30,0.06268882175226587,centro
358,VALLE D'AOSTA,181.0,204.0,2019-06-30,0.1270718232044199,centro
359,VENETO,1.942,2.432,2019-06-30,0.2523171987641606,nord-est
360,ABRUZZO,1.645,2.077,2019-07-31,0.26261398176291784,sud
361,BASILICATA,413.0,471.0,2019-07-31,0.1404358353510895,sud
362,CALABRIA,2.733,2.865,2019-07-31,0.04829857299670692,sud
363,CAMPANIA,6.157,7.606,2019-07-31,0.2353418872827675,sud
364,EMILIA ROMAGNA,2.795,3.707,2019-07-31,0.32629695885509835,nord-est
365,FRIULI VENEZIA GIULIA,479.0,674.0,2019-07-31,0.40709812108559507,nord-est
366,LAZIO,5.254,6.483,2019-07-31,0.2339170156071564,centro
367,LIGURIA,1.104,1.54,2019-07-31,0.39492753623188404,centro
368,LOMBARDIA,6.199,8.472,2019-07-31,0.36667204387804486,centro
369,MARCHE,856.0,893.0,2019-07-31,0.04322429906542058,centro
370,MOLISE,270.0,408.0,2019-07-31,0.5111111111111111,sud
371,PIEMONTE,3.972,4.665,2019-07-31,0.17447129909365566,centro
372,PUGLIA,2.319,3.745,2019-07-31,0.6149202242345839,sud
373,SARDEGNA,2.706,2.235,2019-07-31,-0.17405764966740578,isole
374,SICILIA,6.484,6.396,2019-07-31,-0.013571869216532972,isole
375,TOSCANA,3.141,3.598,2019-07-31,0.14549506526583889,centro
376,TRENTINO ALTO ADIGE,506.0,408.0,2019-07-31,-0.19367588932806323,nord-est
377,UMBRIA,1.324,1.427,2019-07-31,0.07779456193353473,centro
378,VALLE D'AOSTA,181.0,183.0,2019-07-31,0.011049723756906049,centro
379,VENETO,1.942,2.401,2019-07-31,0.23635427394438713,nord-est
380,ABRUZZO,1.645,2.049,2019-08-31,0.24559270516717313,sud
381,BASILICATA,413.0,475.0,2019-08-31,0.15012106537530268,sud
382,CALABRIA,2.734,2.835,2019-08-31,0.03694220921726399,sud
383,CAMPANIA,6.157,7.577,2019-08-31,0.23063180120188398,sud
384,EMILIA ROMAGNA,2.792,3.766,2019-08-31,0.34885386819484254,nord-est
385,FRIULI VENEZIA GIULIA,479.0,695.0,2019-08-31,0.45093945720250517,nord-est
386,LAZIO,5.254,6.574,2019-08-31,0.2512371526456034,centro
387,LIGURIA,1.104,1.568,2019-08-31,0.42028985507246364,centro
388,LOMBARDIA,6.199,8.618,2019-08-31,0.39022422971447024,centro
389,MARCHE,856.0,881.0,2019-08-31,0.029205607476635587,centro
390,MOLISE,270.0,409.0,2019-08-31,0.5148148148148148,sud
391,PIEMONTE,3.971,4.698,2019-08-31,0.18307731050113318,centro
392,PUGLIA,2.319,3.784,2019-08-31,0.6317378180250108,sud
393,SARDEGNA,2.706,2.281,2019-08-31,-0.15705838876570577,isole
394,SICILIA,6.476,6.367,2019-08-31,-0.01683137739345275,isole
395,TOSCANA,3.141,3.652,2019-08-31,0.16268704234320275,centro
396,TRENTINO ALTO ADIGE,506.0,438.0,2019-08-31,-0.13438735177865613,nord-est
397,UMBRIA,1.324,1.461,2019-08-31,0.1034743202416919,centro
398,VALLE D'AOSTA,181.0,178.0,2019-08-31,-0.016574585635359074,centro
399,VENETO,1.942,2.435,2019-08-31,0.25386199794026787,nord-est
400,ABRUZZO,1.646,2.056,2019-09-30,0.24908869987849336,sud
401,BASILICATA,413.0,509.0,2019-09-30,0.23244552058111378,sud
402,CALABRIA,2.734,2.819,2019-09-30,0.03108997805413316,sud
403,CAMPANIA,6.157,7.56,2019-09-30,0.22787071625791766,sud
404,EMILIA ROMAGNA,2.793,3.76,2019-09-30,0.34622269960615815,nord-est
405,FRIULI VENEZIA GIULIA,479.0,666.0,2019-09-30,0.3903966597077244,nord-est
406,LAZIO,5.247,6.585,2019-09-30,0.2550028587764437,centro
407,LIGURIA,1.104,1.523,2019-09-30,0.3795289855072461,centro
408,LOMBARDIA,6.199,8.645,2019-09-30,0.3945797709307952,centro
409,MARCHE,856.0,891.0,2019-09-30,0.04088785046728982,centro
410,MOLISE,270.0,400.0,2019-09-30,0.4814814814814814,sud
411,PIEMONTE,3.971,4.686,2019-09-30,0.18005540166204992,centro
412,PUGLIA,2.319,3.815,2019-09-30,0.6451056489866323,sud
413,SARDEGNA,2.714,2.295,2019-09-30,-0.15438467207074436,isole
414,SICILIA,6.476,6.496,2019-09-30,0.0030883261272391938,isole
415,TOSCANA,3.141,3.658,2019-09-30,0.16459726201846547,centro
416,TRENTINO ALTO ADIGE,506.0,444.0,2019-09-30,-0.12252964426877466,nord-est
417,UMBRIA,1.324,1.443,2019-09-30,0.08987915407854974,centro
418,VALLE D'AOSTA,181.0,200.0,2019-09-30,0.1049723756906078,centro
419,VENETO,1.942,2.43,2019-09-30,0.25128733264675596,nord-est
420,ABRUZZO,1.646,2.026,2019-10-31,0.23086269744835963,sud
421,BASILICATA,413.0,502.0,2019-10-31,0.21549636803874095,sud
422,CALABRIA,2.734,2.784,2019-10-31,0.018288222384784225,sud
423,CAMPANIA,6.158,7.482,2019-10-31,0.21500487171159466,sud
424,EMILIA ROMAGNA,2.793,3.846,2019-10-31,0.37701396348012883,nord-est
425,FRIULI VENEZIA GIULIA,479.0,671.0,2019-10-31,0.40083507306889343,nord-est
426,LAZIO,5.247,6.584,2019-10-31,0.2548122736801981,centro
427,LIGURIA,1.104,1.537,2019-10-31,0.39221014492753614,centro
428,LOMBARDIA,6.199,8.618,2019-10-31,0.39022422971447024,centro
429,MARCHE,856.0,896.0,2019-10-31,0.04672897196261672,centro
430,MOLISE,270.0,415.0,2019-10-31,0.537037037037037,sud
431,PIEMONTE,3.971,4.645,2019-10-31,0.16973054646184838,centro
432,PUGLIA,2.319,3.857,2019-10-31,0.6632169038378612,sud
433,SARDEGNA,2.714,2.321,2019-10-31,-0.14480471628592473,isole
434,SICILIA,6.478,6.526,2019-10-31,0.007409694350108076,isole
435,TOSCANA,3.14,3.603,2019-10-31,0.14745222929936297,centro
436,TRENTINO ALTO ADIGE,506.0,449.0,2019-10-31,-0.11264822134387353,nord-est
437,UMBRIA,1.324,1.455,2019-10-31,0.0989425981873111,centro
438,VALLE D'AOSTA,181.0,243.0,2019-10-31,0.3425414364640884,centro
439,VENETO,1.942,2.525,2019-10-31,0.30020597322348097,nord-est
440,ABRUZZO,1.646,2.062,2019-11-30,0.2527339003645199,sud
441,BASILICATA,411.0,478.0,2019-11-30,0.16301703163017023,sud
442,CALABRIA,2.734,2.771,2019-11-30,0.013533284564740233,sud
443,CAMPANIA,6.157,7.459,2019-11-30,0.21146662335553024,sud
444,EMILIA ROMAGNA,2.793,3.856,2019-11-30,0.380594343000358,nord-est
445,FRIULI VENEZIA GIULIA,479.0,664.0,2019-11-30,0.3862212943632568,nord-est
446,LAZIO,5.247,6.652,2019-11-30,0.26777206022489053,centro
447,LIGURIA,1.104,1.551,2019-11-30,0.40489130434782594,centro
448,LOMBARDIA,6.199,8.659,2019-11-30,0.39683819970963063,centro
449,MARCHE,856.0,919.0,2019-11-30,0.07359813084112155,centro
450,MOLISE,270.0,420.0,2019-11-30,0.5555555555555556,sud
451,PIEMONTE,3.971,4.588,2019-11-30,0.15537647947620248,centro
452,PUGLIA,2.319,3.912,2019-11-30,0.6869340232858991,sud
453,SARDEGNA,2.714,2.327,2019-11-30,-0.14259395725865887,isole
454,SICILIA,6.489,6.445,2019-11-30,-0.006780705809831922,isole
455,TOSCANA,3.134,3.58,2019-11-30,0.1423101467772816,centro
456,TRENTINO ALTO ADIGE,506.0,442.0,2019-11-30,-0.12648221343873522,nord-est
457,UMBRIA,1.324,1.485,2019-11-30,0.12160120845921463,centro
458,VALLE D'AOSTA,181.0,232.0,2019-11-30,0.28176795580110503,centro
459,VENETO,1.942,2.672,2019-11-30,0.3759011328527293,nord-est
460,ABRUZZO,1.646,2.064,2019-12-31,0.2539489671931958,sud
461,BASILICATA,411.0,471.0,2019-12-31,0.14598540145985406,sud
462,CALABRIA,2.734,2.898,2019-12-31,0.059985369422092205,sud
463,CAMPANIA,6.164,7.412,2019-12-31,0.20246593121349776,sud
464,EMILIA ROMAGNA,2.793,3.834,2019-12-31,0.3727175080558538,nord-est
465,FRIULI VENEZIA GIULIA,479.0,656.0,2019-12-31,0.36951983298538615,nord-est
466,LAZIO,5.247,6.566,2019-12-31,0.25138174194777974,centro
467,LIGURIA,1.104,1.511,2019-12-31,0.36865942028985477,centro
468,LOMBARDIA,6.199,8.547,2019-12-31,0.3787707694789484,centro
469,MARCHE,857.0,898.0,2019-12-31,0.04784130688448074,centro
470,MOLISE,270.0,462.0,2019-12-31,0.711111111111111,sud
471,PIEMONTE,3.971,4.531,2019-12-31,0.14102241249055636,centro
472,PUGLIA,2.517,3.814,2019-12-31,0.5152959872864522,sud
473,SARDEGNA,2.71,2.288,2019-12-31,-0.15571955719557207,isole
474,SICILIA,6.497,6.445,2019-12-31,-0.008003694012621132,isole
475,TOSCANA,3.136,3.556,2019-12-31,0.1339285714285714,centro
476,TRENTINO ALTO ADIGE,506.0,445.0,2019-12-31,-0.12055335968379444,nord-est
477,UMBRIA,1.324,1.471,2019-12-31,0.11102719033232633,centro
478,VALLE D'AOSTA,181.0,228.0,2019-12-31,0.2596685082872927,centro
479,VENETO,1.942,2.672,2019-12-31,0.3759011328527293,nord-est
480,ABRUZZO,1.65,2.091,2020-01-31,0.26727272727272755,sud
481,BASILICATA,411.0,459.0,2020-01-31,0.11678832116788329,sud
482,CALABRIA,2.735,2.794,2020-01-31,0.0215722120658135,sud
483,CAMPANIA,6.164,7.468,2020-01-31,0.21155094094743676,sud
484,EMILIA ROMAGNA,2.793,3.862,2020-01-31,0.3827425707124954,nord-est
485,FRIULI VENEZIA GIULIA,479.0,659.0,2020-01-31,0.3757828810020878,nord-est
486,LAZIO,5.246,6.613,2020-01-31,0.26057948913457873,centro
487,LIGURIA,1.104,1.522,2020-01-31,0.3786231884057969,centro
488,LOMBARDIA,6.199,8.583,2020-01-31,0.3845781577673819,centro
489,MARCHE,857.0,907.0,2020-01-31,0.058343057176196034,centro
490,MOLISE,270.0,452.0,2020-01-31,0.674074074074074,sud
491,PIEMONTE,3.971,4.517,2020-01-31,0.13749685217829266,centro
492,PUGLIA,2.517,3.869,2020-01-31,0.5371473976956695,sud
493,SARDEGNA,2.71,2.319,2020-01-31,-0.1442804428044281,isole
494,SICILIA,6.497,6.547,2020-01-31,0.007695859627520285,isole
495,TOSCANA,3.136,3.572,2020-01-31,0.13903061224489788,centro
496,TRENTINO ALTO ADIGE,506.0,433.0,2020-01-31,-0.14426877470355737,nord-est
497,UMBRIA,1.324,1.45,2020-01-31,0.09516616314199378,centro
498,VALLE D'AOSTA,181.0,245.0,2020-01-31,0.35359116022099446,centro
499,VENETO,1.942,2.609,2020-01-31,0.34346035015447995,nord-est
500,ABRUZZO,1.65,2.014,2020-02-29,0.22060606060606047,sud
501,BASILICATA,411.0,461.0,2020-02-29,0.12165450121654509,sud
502,CALABRIA,2.735,2.779,2020-02-29,0.01608775137111529,sud
503,CAMPANIA,6.211,7.419,2020-02-29,0.19449364031556904,sud
504,EMILIA ROMAGNA,2.989,3.895,2020-02-29,0.3031114084978255,nord-est
505,FRIULI VENEZIA GIULIA,479.0,663.0,2020-02-29,0.384133611691023,nord-est
506,LAZIO,5.244,6.667,2020-02-29,0.27135774218154074,centro
507,LIGURIA,1.104,1.519,2020-02-29,0.375905797101449,centro
508,LOMBARDIA,6.199,8.72,2020-02-29,0.40667849653169874,centro
509,MARCHE,857.0,926.0,2020-02-29,0.08051341890315045,centro
510,MOLISE,270.0,475.0,2020-02-29,0.7592592592592593,sud
511,PIEMONTE,3.971,4.553,2020-02-29,0.14656257869554268,centro
512,PUGLIA,2.517,3.863,2020-02-29,0.5347636074692095,sud
513,SARDEGNA,2.71,2.31,2020-02-29,-0.14760147601476015,isole
514,SICILIA,6.495,6.59,2020-02-29,0.014626635873749017,isole
515,TOSCANA,3.136,3.59,2020-02-29,0.14477040816326525,centro
516,TRENTINO ALTO ADIGE,506.0,424.0,2020-02-29,-0.1620553359683794,nord-est
517,UMBRIA,1.324,1.485,2020-02-29,0.12160120845921463,centro
518,VALLE D'AOSTA,181.0,239.0,2020-02-29,0.3204419889502763,centro
519,VENETO,1.942,2.638,2020-02-29,0.35839340885684856,nord-est
520,ABRUZZO,1.655,1.953,2020-03-31,0.180060422960725,sud
521,BASILICATA,409.0,374.0,2020-03-31,-0.08557457212713937,sud
522,CALABRIA,2.731,2.846,2020-03-31,0.04210911753936286,sud
523,CAMPANIA,6.158,6.972,2020-03-31,0.13218577460214354,sud
524,EMILIA ROMAGNA,3.002,3.261,2020-03-31,0.08627581612258517,nord-est
525,FRIULI VENEZIA GIULIA,479.0,631.0,2020-03-31,0.3173277661795406,nord-est
526,LAZIO,5.209,6.204,2020-03-31,0.1910155500095989,centro
527,LIGURIA,1.117,1.495,2020-03-31,0.3384064458370637,centro
528,LOMBARDIA,6.203,8.095,2020-03-31,0.3050137030469129,centro
529,MARCHE,856.0,969.0,2020-03-31,0.1320093457943925,centro
530,MOLISE,266.0,439.0,2020-03-31,0.650375939849624,sud
531,PIEMONTE,3.947,4.507,2020-03-31,0.14187990879148704,centro
532,PUGLIA,2.478,3.574,2020-03-31,0.44229217110573016,sud
533,SARDEGNA,2.71,2.202,2020-03-31,-0.1874538745387454,isole
534,SICILIA,6.466,6.218,2020-03-31,-0.038354469532941526,isole
535,TOSCANA,3.12,3.471,2020-03-31,0.11250000000000004,centro
536,TRENTINO ALTO ADIGE,497.0,410.0,2020-03-31,-0.17505030181086523,nord-est
537,UMBRIA,1.324,1.46,2020-03-31,0.10271903323262821,centro
538,VALLE D'AOSTA,181.0,227.0,2020-03-31,0.2541436464088398,centro
539,VENETO,1.946,2.538,2020-03-31,0.30421377183967113,nord-est
540,ABRUZZO,1.655,1.85,2020-04-30,0.1178247734138973,sud
541,BASILICATA,402.0,348.0,2020-04-30,-0.13432835820895528,sud
542,CALABRIA,2.706,2.667,2020-04-30,-0.014412416851441345,sud
543,CAMPANIA,6.087,6.451,2020-04-30,0.059799572860193884,sud
544,EMILIA ROMAGNA,2.995,3.076,2020-04-30,0.027045075125208706,nord-est
545,FRIULI VENEZIA GIULIA,473.0,589.0,2020-04-30,0.2452431289640591,nord-est
546,LAZIO,5.192,5.738,2020-04-30,0.10516178736517734,centro
547,LIGURIA,1.111,1.398,2020-04-30,0.25832583258325825,centro
548,LOMBARDIA,6.14,7.333,2020-04-30,0.19429967426710104,centro
549,MARCHE,851.0,899.0,2020-04-30,0.05640423031727382,centro
550,MOLISE,268.0,410.0,2020-04-30,0.5298507462686568,sud
551,PIEMONTE,3.938,4.19,2020-04-30,0.0639918740477401,centro
552,PUGLIA,2.469,3.406,2020-04-30,0.3795058728230054,sud
553,SARDEGNA,2.679,2.125,2020-04-30,-0.20679357969391554,isole
554,SICILIA,6.443,5.833,2020-04-30,-0.09467639298463437,isole
555,TOSCANA,3.116,3.256,2020-04-30,0.0449293966623876,centro
556,TRENTINO ALTO ADIGE,497.0,371.0,2020-04-30,-0.2535211267605634,nord-est
557,UMBRIA,1.322,1.398,2020-04-30,0.05748865355521926,centro
558,VALLE D'AOSTA,177.0,211.0,2020-04-30,0.192090395480226,centro
559,VENETO,1.917,2.355,2020-04-30,0.22848200312989042,nord-est
560,ABRUZZO,1.655,1.796,2020-05-31,0.08519637462235652,sud
561,BASILICATA,402.0,360.0,2020-05-31,-0.10447761194029848,sud
562,CALABRIA,2.706,2.628,2020-05-31,-0.02882483370288247,sud
563,CAMPANIA,6.043,6.404,2020-05-31,0.05973854046003635,sud
564,EMILIA ROMAGNA,2.995,3.001,2020-05-31,0.002003338898163509,nord-est
565,FRIULI VENEZIA GIULIA,464.0,593.0,2020-05-31,0.2780172413793103,nord-est
566,LAZIO,5.178,5.689,2020-05-31,0.09868675164156038,centro
567,LIGURIA,1.111,1.385,2020-05-31,0.2466246624662467,centro
568,LOMBARDIA,6.137,7.283,2020-05-31,0.18673619032100386,centro
569,MARCHE,846.0,863.0,2020-05-31,0.02009456264775422,centro
570,MOLISE,268.0,404.0,2020-05-31,0.5074626865671641,sud
571,PIEMONTE,3.938,4.165,2020-05-31,0.05764347384459123,centro
572,PUGLIA,2.665,3.418,2020-05-31,0.28255159474671676,sud
573,SARDEGNA,2.615,2.087,2020-05-31,-0.20191204588910128,isole
574,SICILIA,6.443,5.86,2020-05-31,-0.09048579854105221,isole
575,TOSCANA,3.092,3.226,2020-05-31,0.04333764553686925,centro
576,TRENTINO ALTO ADIGE,497.0,361.0,2020-05-31,-0.27364185110663986,nord-est
577,UMBRIA,1.322,1.37,2020-05-31,0.036308623298033416,centro
578,VALLE D'AOSTA,177.0,198.0,2020-05-31,0.11864406779661008,centro
579,VENETO,1.918,2.296,2020-05-31,0.1970802919708028,nord-est
580,ABRUZZO,1.655,1.762,2020-06-30,0.06465256797583074,sud
581,BASILICATA,407.0,366.0,2020-06-30,-0.10073710073710074,sud
582,CALABRIA,2.709,2.631,2020-06-30,-0.02879291251384286,sud
583,CAMPANIA,6.035,6.428,2020-06-30,0.06512013256006632,sud
584,EMILIA ROMAGNA,2.995,3.033,2020-06-30,0.012687813021702743,nord-est
585,FRIULI VENEZIA GIULIA,464.0,603.0,2020-06-30,0.2995689655172413,nord-est
586,LAZIO,5.183,5.762,2020-06-30,0.11171136407486015,centro
587,LIGURIA,1.111,1.403,2020-06-30,0.2628262826282628,centro
588,LOMBARDIA,6.145,7.349,2020-06-30,0.19593165174938987,centro
589,MARCHE,846.0,870.0,2020-06-30,0.028368794326241176,centro
590,MOLISE,268.0,393.0,2020-06-30,0.46641791044776126,sud
591,PIEMONTE,3.938,4.176,2020-06-30,0.06043676993397673,centro
592,PUGLIA,2.681,3.434,2020-06-30,0.2808653487504662,sud
593,SARDEGNA,2.611,2.044,2020-06-30,-0.21715817694369977,isole
594,SICILIA,6.443,5.92,2020-06-30,-0.08117336644420292,isole
595,TOSCANA,3.095,3.209,2020-06-30,0.03683360258481416,centro
596,TRENTINO ALTO ADIGE,497.0,362.0,2020-06-30,-0.2716297786720322,nord-est
597,UMBRIA,1.322,1.391,2020-06-30,0.05219364599092291,centro
598,VALLE D'AOSTA,177.0,192.0,2020-06-30,0.0847457627118644,centro
599,VENETO,1.919,2.251,2020-06-30,0.17300677436164658,nord-est
600,ABRUZZO,1.655,1.742,2020-07-31,0.05256797583081574,sud
601,BASILICATA,407.0,382.0,2020-07-31,-0.061425061425061434,sud
602,CALABRIA,2.71,2.684,2020-07-31,-0.00959409594095939,sud
603,CAMPANIA,6.035,6.424,2020-07-31,0.06445733222866612,sud
604,EMILIA ROMAGNA,2.995,3.021,2020-07-31,0.008681135225375503,nord-est
605,FRIULI VENEZIA GIULIA,464.0,600.0,2020-07-31,0.2931034482758621,nord-est
606,LAZIO,5.212,5.779,2020-07-31,0.10878741366078293,centro
607,LIGURIA,1.118,1.408,2020-07-31,0.2593917710196778,centro
608,LOMBARDIA,6.156,7.418,2020-07-31,0.2050032488628981,centro
609,MARCHE,846.0,891.0,2020-07-31,0.05319148936170204,centro
610,MOLISE,268.0,387.0,2020-07-31,0.44402985074626855,sud
611,PIEMONTE,3.938,4.183,2020-07-31,0.06221432199085819,centro
612,PUGLIA,2.683,3.413,2020-07-31,0.27208348863212817,sud
613,SARDEGNA,2.611,2.026,2020-07-31,-0.22405208732286497,isole
614,SICILIA,6.446,5.896,2020-07-31,-0.0853242320819112,isole
615,TOSCANA,3.099,3.203,2020-07-31,0.033559212649241665,centro
616,TRENTINO ALTO ADIGE,497.0,377.0,2020-07-31,-0.24144869215291753,nord-est
617,UMBRIA,1.322,1.356,2020-07-31,0.02571860816944027,centro
618,VALLE D'AOSTA,177.0,171.0,2020-07-31,-0.03389830508474578,centro
619,VENETO,1.919,2.258,2020-07-31,0.17665450755601864,nord-est
620,ABRUZZO,1.655,1.753,2020-08-31,0.059214501510573836,sud
621,BASILICATA,407.0,387.0,2020-08-31,-0.0491400491400491,sud
622,CALABRIA,2.71,2.603,2020-08-31,-0.03948339483394825,sud
623,CAMPANIA,6.05,6.422,2020-08-31,0.06148760330578518,sud
624,EMILIA ROMAGNA,2.995,3.071,2020-08-31,0.025375626043405708,nord-est
625,FRIULI VENEZIA GIULIA,464.0,612.0,2020-08-31,0.3189655172413792,nord-est
626,LAZIO,5.213,5.803,2020-08-31,0.11317859198158442,centro
627,LIGURIA,1.12,1.443,2020-08-31,0.2883928571428571,centro
628,LOMBARDIA,6.156,7.569,2020-08-31,0.22953216374269014,centro
629,MARCHE,846.0,875.0,2020-08-31,0.03427895981087481,centro
630,MOLISE,268.0,372.0,2020-08-31,0.3880597014925373,sud
631,PIEMONTE,3.938,4.235,2020-08-31,0.07541899441340782,centro
632,PUGLIA,2.683,3.463,2020-08-31,0.29071934401789057,sud
633,SARDEGNA,2.611,2.051,2020-08-31,-0.21447721179624668,isole
634,SICILIA,6.446,5.816,2020-08-31,-0.09773502947564383,isole
635,TOSCANA,3.1,3.229,2020-08-31,0.04161290322580635,centro
636,TRENTINO ALTO ADIGE,497.0,392.0,2020-08-31,-0.21126760563380287,nord-est
637,UMBRIA,1.323,1.361,2020-08-31,0.028722600151171562,centro
638,VALLE D'AOSTA,177.0,178.0,2020-08-31,0.005649717514124353,centro
639,VENETO,1.915,2.286,2020-08-31,0.1937336814621411,nord-est
640,ABRUZZO,1.655,1.754,2020-09-30,0.05981873111782465,sud
641,BASILICATA,401.0,372.0,2020-09-30,-0.07231920199501252,sud
642,CALABRIA,2.712,2.602,2020-09-30,-0.040560471976401336,sud
643,CAMPANIA,6.062,6.475,2020-09-30,0.06812933025404155,sud
644,EMILIA ROMAGNA,2.995,3.134,2020-09-30,0.04641068447412344,nord-est
645,FRIULI VENEZIA GIULIA,464.0,632.0,2020-09-30,0.3620689655172413,nord-est
646,LAZIO,5.213,5.786,2020-09-30,0.10991751390753879,centro
647,LIGURIA,1.12,1.445,2020-09-30,0.2901785714285714,centro
648,LOMBARDIA,6.156,7.667,2020-09-30,0.24545159194281996,centro
649,MARCHE,846.0,834.0,2020-09-30,-0.014184397163120588,centro
650,MOLISE,268.0,373.0,2020-09-30,0.3917910447761195,sud
651,PIEMONTE,3.938,4.293,2020-09-30,0.09014728288471296,centro
652,PUGLIA,2.688,3.503,2020-09-30,0.30319940476190466,sud
653,SARDEGNA,2.611,2.047,2020-09-30,-0.2160091918805056,isole
654,SICILIA,6.441,5.905,2020-09-30,-0.08321689178698954,isole
655,TOSCANA,3.101,3.247,2020-09-30,0.04708158658497252,centro
656,TRENTINO ALTO ADIGE,497.0,399.0,2020-09-30,-0.19718309859154926,nord-est
657,UMBRIA,1.323,1.35,2020-09-30,0.020408163265306145,centro
658,VALLE D'AOSTA,177.0,188.0,2020-09-30,0.062146892655367214,centro
659,VENETO,1.902,2.271,2020-09-30,0.1940063091482649,nord-est
660,ABRUZZO,1.658,1.742,2020-10-31,0.05066344993968652,sud
661,BASILICATA,401.0,390.0,2020-10-31,-0.027431421446383997,sud
662,CALABRIA,2.712,2.573,2020-10-31,-0.05125368731563429,sud
663,CAMPANIA,6.052,6.648,2020-10-31,0.09847984137475208,sud
664,EMILIA ROMAGNA,2.995,3.19,2020-10-31,0.06510851419031716,nord-est
665,FRIULI VENEZIA GIULIA,464.0,631.0,2020-10-31,0.3599137931034482,nord-est
666,LAZIO,5.217,5.839,2020-10-31,0.1192256085873109,centro
667,LIGURIA,1.12,1.439,2020-10-31,0.28482142857142856,centro
668,LOMBARDIA,6.156,7.751,2020-10-31,0.2590968161143601,centro
669,MARCHE,846.0,855.0,2020-10-31,0.010638297872340496,centro
670,MOLISE,268.0,380.0,2020-10-31,0.4179104477611941,sud
671,PIEMONTE,3.918,4.289,2020-10-31,0.09469116896375684,centro
672,PUGLIA,2.686,3.622,2020-10-31,0.3484735666418466,sud
673,SARDEGNA,2.609,2.071,2020-10-31,-0.20620927558451507,isole
674,SICILIA,6.449,5.895,2020-10-31,-0.08590479144053342,isole
675,TOSCANA,3.101,3.273,2020-10-31,0.05546597871654302,centro
676,TRENTINO ALTO ADIGE,498.0,411.0,2020-10-31,-0.17469879518072284,nord-est
677,UMBRIA,1.323,1.362,2020-10-31,0.029478458049886802,centro
678,VALLE D'AOSTA,177.0,186.0,2020-10-31,0.05084745762711873,centro
679,VENETO,1.903,2.321,2020-10-31,0.21965317919075145,nord-est
680,ABRUZZO,1.658,1.721,2020-11-30,0.03799758745476489,sud
681,BASILICATA,401.0,407.0,2020-11-30,0.014962593516209433,sud
682,CALABRIA,2.713,2.515,2020-11-30,-0.07298193881312198,sud
683,CAMPANIA,6.052,6.548,2020-11-30,0.08195637805684086,sud
684,EMILIA ROMAGNA,2.993,3.176,2020-11-30,0.06114266622118292,nord-est
685,FRIULI VENEZIA GIULIA,464.0,626.0,2020-11-30,0.34913793103448265,nord-est
686,LAZIO,5.23,5.81,2020-11-30,0.11089866156787753,centro
687,LIGURIA,1.12,1.433,2020-11-30,0.2794642857142857,centro
688,LOMBARDIA,6.154,7.715,2020-11-30,0.2536561585960351,centro
689,MARCHE,846.0,843.0,2020-11-30,-0.0035460992907800915,centro
690,MOLISE,271.0,375.0,2020-11-30,0.3837638376383763,sud
691,PIEMONTE,3.918,4.254,2020-11-30,0.08575803981623253,centro
692,PUGLIA,2.686,3.56,2020-11-30,0.325390915860015,sud
693,SARDEGNA,2.609,2.058,2020-11-30,-0.21119202759678046,isole
694,SICILIA,6.449,5.883,2020-11-30,-0.08776554504574352,isole
695,TOSCANA,3.098,3.248,2020-11-30,0.048418334409296326,centro
696,TRENTINO ALTO ADIGE,498.0,385.0,2020-11-30,-0.2269076305220884,nord-est
697,UMBRIA,1.323,1.348,2020-11-30,0.01889644746787611,centro
698,VALLE D'AOSTA,177.0,169.0,2020-11-30,-0.04519774011299438,centro
699,VENETO,1.908,2.294,2020-11-30,0.20230607966457037,nord-est
700,ABRUZZO,1.658,1.659,2020-12-31,0.0006031363088059294,sud
701,BASILICATA,401.0,399.0,2020-12-31,-0.004987531172069848,sud
702,CALABRIA,2.713,2.447,2020-12-31,-0.09804644305197197,sud
703,CAMPANIA,6.052,6.403,2020-12-31,0.0579973562458691,sud
704,EMILIA ROMAGNA,2.993,3.139,2020-12-31,0.04878048780487809,nord-est
705,FRIULI VENEZIA GIULIA,466.0,600.0,2020-12-31,0.28755364806866957,nord-est
706,LAZIO,5.23,5.816,2020-12-31,0.11204588910133828,centro
707,LIGURIA,1.12,1.352,2020-12-31,0.20714285714285707,centro
708,LOMBARDIA,6.143,7.602,2020-12-31,0.2375061045091975,centro
709,MARCHE,846.0,847.0,2020-12-31,0.0011820330969267712,centro
710,MOLISE,271.0,351.0,2020-12-31,0.2952029520295203,sud
711,PIEMONTE,3.918,4.175,2020-12-31,0.06559469116896377,centro
712,PUGLIA,2.686,3.501,2020-12-31,0.3034251675353685,sud
713,SARDEGNA,2.609,2.01,2020-12-31,-0.22958988118052903,isole
714,SICILIA,6.449,5.733,2020-12-31,-0.1110249651108699,isole
715,TOSCANA,3.1,3.204,2020-12-31,0.033548387096774324,centro
716,TRENTINO ALTO ADIGE,498.0,388.0,2020-12-31,-0.22088353413654616,nord-est
717,UMBRIA,1.324,1.284,2020-12-31,-0.030211480362537735,centro
718,VALLE D'AOSTA,177.0,172.0,2020-12-31,-0.02824858757062143,centro
719,VENETO,1.908,2.282,2020-12-31,0.19601677148846974,nord-est
720,ABRUZZO,1.658,1.641,2021-01-31,-0.010253317249698357,sud
721,BASILICATA,401.0,402.0,2021-01-31,0.0024937655860348684,sud
722,CALABRIA,2.704,2.457,2021-01-31,-0.09134615384615397,sud
723,CAMPANIA,6.052,6.417,2021-01-31,0.06031064111037687,sud
724,EMILIA ROMAGNA,2.993,3.194,2021-01-31,0.06715669896425003,nord-est
725,FRIULI VENEZIA GIULIA,467.0,621.0,2021-01-31,0.32976445396145615,nord-est
726,LAZIO,5.23,5.759,2021-01-31,0.10114722753346084,centro
727,LIGURIA,1.12,1.316,2021-01-31,0.17500000000000004,centro
728,LOMBARDIA,6.143,7.645,2021-01-31,0.24450594172228546,centro
729,MARCHE,846.0,832.0,2021-01-31,-0.01654846335697402,centro
730,MOLISE,271.0,346.0,2021-01-31,0.2767527675276753,sud
731,PIEMONTE,3.919,4.178,2021-01-31,0.0660882878285276,centro
732,PUGLIA,2.686,3.514,2021-01-31,0.30826507818317195,sud
733,SARDEGNA,2.609,2.01,2021-01-31,-0.22958988118052903,isole
734,SICILIA,6.447,5.727,2021-01-31,-0.11167985109353185,isole
735,TOSCANA,3.098,3.159,2021-01-31,0.01969012265978054,centro
736,TRENTINO ALTO ADIGE,498.0,385.0,2021-01-31,-0.2269076305220884,nord-est
737,UMBRIA,1.324,1.292,2021-01-31,-0.024169184290030232,centro
738,VALLE D'AOSTA,177.0,164.0,2021-01-31,-0.07344632768361581,centro
739,VENETO,1.908,2.27,2021-01-31,0.18972746331236912,nord-est
740,ABRUZZO,1.658,1.622,2021-02-28,-0.02171290711700835,sud
741,BASILICATA,401.0,390.0,2021-02-28,-0.027431421446383997,sud
742,CALABRIA,2.704,2.52,2021-02-28,-0.06804733727810652,sud
743,CAMPANIA,6.054,6.519,2021-02-28,0.07680872150644191,sud
744,EMILIA ROMAGNA,2.993,3.27,2021-02-28,0.09254928165720022,nord-est
745,FRIULI VENEZIA GIULIA,467.0,637.0,2021-02-28,0.3640256959314776,nord-est
746,LAZIO,5.23,5.692,2021-02-28,0.08833652007648185,centro
747,LIGURIA,1.12,1.318,2021-02-28,0.17678571428571432,centro
748,LOMBARDIA,6.143,7.766,2021-02-28,0.2642031580660915,centro
749,MARCHE,846.0,857.0,2021-02-28,0.013002364066193817,centro
750,MOLISE,271.0,344.0,2021-02-28,0.2693726937269372,sud
751,PIEMONTE,3.918,4.144,2021-02-28,0.057682491066870956,centro
752,PUGLIA,2.686,3.538,2021-02-28,0.3172002978406552,sud
753,SARDEGNA,2.609,2.019,2021-02-28,-0.22614028363357608,isole
754,SICILIA,6.447,5.793,2021-02-28,-0.10144253140995807,isole
755,TOSCANA,3.098,3.124,2021-02-28,0.008392511297611538,centro
756,TRENTINO ALTO ADIGE,498.0,379.0,2021-02-28,-0.23895582329317266,nord-est
757,UMBRIA,1.324,1.301,2021-02-28,-0.017371601208459264,centro
758,VALLE D'AOSTA,177.0,172.0,2021-02-28,-0.02824858757062143,centro
759,VENETO,1.907,2.292,2021-02-28,0.20188778185631873,nord-est
760,ABRUZZO,1.658,1.638,2021-03-31,-0.012062726176115812,sud
761,BASILICATA,401.0,395.0,2021-03-31,-0.014962593516209433,sud
762,CALABRIA,2.704,2.543,2021-03-31,-0.05954142011834318,sud
763,CAMPANIA,6.085,6.458,2021-03-31,0.061298274445357404,sud
764,EMILIA ROMAGNA,2.992,3.276,2021-03-31,0.09491978609625673,nord-est
765,FRIULI VENEZIA GIULIA,467.0,639.0,2021-03-31,0.3683083511777301,nord-est
766,LAZIO,5.23,5.644,2021-03-31,0.07915869980879542,centro
767,LIGURIA,1.12,1.309,2021-03-31,0.16874999999999973,centro
768,LOMBARDIA,6.146,7.751,2021-03-31,0.2611454604620893,centro
769,MARCHE,846.0,830.0,2021-03-31,-0.01891252955082745,centro
770,MOLISE,271.0,343.0,2021-03-31,0.2656826568265682,sud
771,PIEMONTE,3.918,4.144,2021-03-31,0.057682491066870956,centro
772,PUGLIA,2.882,3.543,2021-03-31,0.2293546148507981,sud
773,SARDEGNA,2.609,2.02,2021-03-31,-0.225756995017248,isole
774,SICILIA,6.447,5.755,2021-03-31,-0.10733674577322794,isole
775,TOSCANA,3.097,3.094,2021-03-31,-0.0009686793671295213,centro
776,TRENTINO ALTO ADIGE,498.0,396.0,2021-03-31,-0.20481927710843373,nord-est
777,UMBRIA,1.324,1.287,2021-03-31,-0.02794561933534756,centro
778,VALLE D'AOSTA,177.0,172.0,2021-03-31,-0.02824858757062143,centro
779,VENETO,1.907,2.272,2021-03-31,0.19140010487676973,nord-est
780,ABRUZZO,1.658,1.648,2021-04-30,-0.006031363088057962,sud
781,BASILICATA,401.0,376.0,2021-04-30,-0.06234413965087282,sud
782,CALABRIA,2.704,2.567,2021-04-30,-0.05066568047337283,sud
783,CAMPANIA,6.087,6.554,2021-04-30,0.07672088056513893,sud
784,EMILIA ROMAGNA,2.993,3.277,2021-04-30,0.0948880721683929,nord-est
785,FRIULI VENEZIA GIULIA,467.0,648.0,2021-04-30,0.3875802997858673,nord-est
786,LAZIO,5.23,5.587,2021-04-30,0.06826003824091775,centro
787,LIGURIA,1.12,1.31,2021-04-30,0.16964285714285698,centro
788,LOMBARDIA,6.146,7.787,2021-04-30,0.267002928734136,centro
789,MARCHE,846.0,849.0,2021-04-30,0.0035460992907800915,centro
790,MOLISE,271.0,339.0,2021-04-30,0.2509225092250922,sud
791,PIEMONTE,3.918,4.119,2021-04-30,0.05130168453292483,centro
792,PUGLIA,2.882,3.585,2021-04-30,0.2439278278972934,sud
793,SARDEGNA,2.606,1.98,2021-04-30,-0.2402148887183423,isole
794,SICILIA,6.447,5.738,2021-04-30,-0.10997363114626957,isole
795,TOSCANA,3.097,3.075,2021-04-30,-0.007103648692282749,centro
796,TRENTINO ALTO ADIGE,498.0,407.0,2021-04-30,-0.18273092369477917,nord-est
797,UMBRIA,1.33,1.306,2021-04-30,-0.018045112781954864,centro
798,VALLE D'AOSTA,177.0,164.0,2021-04-30,-0.07344632768361581,centro
799,VENETO,1.907,2.292,2021-04-30,0.20188778185631873,nord-est
800,ABRUZZO,1.658,1.635,2021-05-31,-0.013872135102533156,sud
801,BASILICATA,401.0,370.0,2021-05-31,-0.07730673316708225,sud
802,CALABRIA,2.704,2.572,2021-05-31,-0.04881656804733736,sud
803,CAMPANIA,6.084,6.554,2021-05-31,0.07725180802103893,sud
804,EMILIA ROMAGNA,2.996,3.241,2021-05-31,0.08177570093457942,nord-est
805,FRIULI VENEZIA GIULIA,467.0,631.0,2021-05-31,0.3511777301927195,nord-est
806,LAZIO,5.23,5.584,2021-05-31,0.06768642447418727,centro
807,LIGURIA,1.127,1.331,2021-05-31,0.18101153504880219,centro
808,LOMBARDIA,6.139,7.777,2021-05-31,0.266818700114025,centro
809,MARCHE,846.0,839.0,2021-05-31,-0.008274231678486954,centro
810,MOLISE,271.0,333.0,2021-05-31,0.22878228782287824,sud
811,PIEMONTE,3.917,4.046,2021-05-31,0.032933367372989686,centro
812,PUGLIA,2.882,3.688,2021-05-31,0.27966689798750877,sud
813,SARDEGNA,2.606,1.969,2021-05-31,-0.24443591711435142,isole
814,SICILIA,6.443,5.817,2021-05-31,-0.09715970821046094,isole
815,TOSCANA,3.097,3.09,2021-05-31,-0.0022602518566354757,centro
816,TRENTINO ALTO ADIGE,498.0,415.0,2021-05-31,-0.16666666666666663,nord-est
817,UMBRIA,1.33,1.326,2021-05-31,-0.003007518796992459,centro
818,VALLE D'AOSTA,177.0,157.0,2021-05-31,-0.11299435028248583,centro
819,VENETO,1.907,2.285,2021-05-31,0.19821709491347672,nord-est
820,ABRUZZO,1.658,1.659,2021-06-30,0.0006031363088059294,sud
821,BASILICATA,401.0,366.0,2021-06-30,-0.08728179551122195,sud
822,CALABRIA,2.704,2.617,2021-06-30,-0.03217455621301779,sud
823,CAMPANIA,6.084,6.533,2021-06-30,0.07380013149243925,sud
824,EMILIA ROMAGNA,2.996,3.25,2021-06-30,0.08477970627503328,nord-est
825,FRIULI VENEZIA GIULIA,467.0,617.0,2021-06-30,0.32119914346895073,nord-est
826,LAZIO,5.23,5.599,2021-06-30,0.07055449330783925,centro
827,LIGURIA,1.125,1.333,2021-06-30,0.18488888888888888,centro
828,LOMBARDIA,6.139,7.745,2021-06-30,0.2616061247760222,centro
829,MARCHE,846.0,840.0,2021-06-30,-0.007092198581560294,centro
830,MOLISE,271.0,334.0,2021-06-30,0.2324723247232472,sud
831,PIEMONTE,3.917,4.009,2021-06-30,0.02348736277763619,centro
832,PUGLIA,2.882,3.679,2021-06-30,0.27654406662040243,sud
833,SARDEGNA,2.606,1.963,2021-06-30,-0.24673829623944732,isole
834,SICILIA,6.443,5.817,2021-06-30,-0.09715970821046094,isole
835,TOSCANA,3.098,3.076,2021-06-30,-0.007101355713363344,centro
836,TRENTINO ALTO ADIGE,498.0,416.0,2021-06-30,-0.16465863453815266,nord-est
837,UMBRIA,1.33,1.337,2021-06-30,0.0052631578947368585,centro
838,VALLE D'AOSTA,177.0,149.0,2021-06-30,-0.1581920903954802,centro
839,VENETO,1.907,2.298,2021-06-30,0.2050340849501835,nord-est
840,ABRUZZO,1.656,1.661,2021-07-31,0.003019323671497709,sud
841,BASILICATA,401.0,358.0,2021-07-31,-0.10723192019950123,sud
842,CALABRIA,2.704,2.604,2021-07-31,-0.03698224852071008,sud
843,CAMPANIA,6.107,6.413,2021-07-31,0.0501064352382512,sud
844,EMILIA ROMAGNA,2.996,3.192,2021-07-31,0.06542056074766367,nord-est
845,FRIULI VENEZIA GIULIA,467.0,624.0,2021-07-31,0.3361884368308352,nord-est
846,LAZIO,5.239,5.544,2021-07-31,0.0582172170261499,centro
847,LIGURIA,1.125,1.328,2021-07-31,0.1804444444444444,centro
848,LOMBARDIA,6.139,7.623,2021-07-31,0.24173318129988597,centro
849,MARCHE,846.0,819.0,2021-07-31,-0.03191489361702127,centro
850,MOLISE,271.0,333.0,2021-07-31,0.22878228782287824,sud
851,PIEMONTE,3.955,3.96,2021-07-31,0.0012642225031604948,centro
852,PUGLIA,2.89,3.662,2021-07-31,0.2671280276816608,sud
853,SARDEGNA,2.605,1.925,2021-07-31,-0.2610364683301344,isole
854,SICILIA,6.443,5.891,2021-07-31,-0.0856743752910134,isole
855,TOSCANA,3.117,3.032,2021-07-31,-0.027269810715431442,centro
856,TRENTINO ALTO ADIGE,498.0,408.0,2021-07-31,-0.1807228915662651,nord-est
857,UMBRIA,1.334,1.346,2021-07-31,0.008995502248875464,centro
858,VALLE D'AOSTA,177.0,140.0,2021-07-31,-0.20903954802259883,centro
859,VENETO,1.907,2.266,2021-07-31,0.18825380178290518,nord-est
860,ABRUZZO,1.656,1.693,2021-08-31,0.022342995169082114,sud
861,BASILICATA,399.0,357.0,2021-08-31,-0.10526315789473684,sud
862,CALABRIA,2.704,2.617,2021-08-31,-0.03217455621301779,sud
863,CAMPANIA,6.108,6.432,2021-08-31,0.05304518664047153,sud
864,EMILIA ROMAGNA,2.996,3.224,2021-08-31,0.07610146862483314,nord-est
865,FRIULI VENEZIA GIULIA,467.0,644.0,2021-08-31,0.37901498929336186,nord-est
866,LAZIO,5.231,5.583,2021-08-31,0.06729114891990062,centro
867,LIGURIA,1.125,1.345,2021-08-31,0.19555555555555548,centro
868,LOMBARDIA,6.139,7.736,2021-08-31,0.26014008796220867,centro
869,MARCHE,846.0,833.0,2021-08-31,-0.015366430260047248,centro
870,MOLISE,271.0,336.0,2021-08-31,0.23985239852398532,sud
871,PIEMONTE,3.955,4.002,2021-08-31,0.01188369152970914,centro
872,PUGLIA,2.888,3.708,2021-08-31,0.28393351800554023,sud
873,SARDEGNA,2.605,1.961,2021-08-31,-0.2472168905950095,isole
874,SICILIA,6.443,5.888,2021-08-31,-0.08613999689585594,isole
875,TOSCANA,3.117,3.041,2021-08-31,-0.02438241899262117,centro
876,TRENTINO ALTO ADIGE,498.0,404.0,2021-08-31,-0.1887550200803213,nord-est
877,UMBRIA,1.335,1.366,2021-08-31,0.023220973782771548,centro
878,VALLE D'AOSTA,177.0,141.0,2021-08-31,-0.2033898305084746,centro
879,VENETO,1.907,2.246,2021-08-31,0.17776612480335596,nord-est
880,ABRUZZO,1.656,1.705,2021-09-30,0.02958937198067635,sud
881,BASILICATA,399.0,358.0,2021-09-30,-0.10275689223057649,sud
882,CALABRIA,2.703,2.635,2021-09-30,-0.02515723270440251,sud
883,CAMPANIA,6.101,6.547,2021-09-30,0.07310277003769872,sud
884,EMILIA ROMAGNA,2.998,3.281,2021-09-30,0.09439626417611735,nord-est
885,FRIULI VENEZIA GIULIA,463.0,646.0,2021-09-30,0.3952483801295896,nord-est
886,LAZIO,5.231,5.58,2021-09-30,0.06671764480978792,centro
887,LIGURIA,1.125,1.355,2021-09-30,0.20444444444444443,centro
888,LOMBARDIA,6.139,7.763,2021-09-30,0.2645381984036488,centro
889,MARCHE,846.0,823.0,2021-09-30,-0.027186761229314405,centro
890,MOLISE,271.0,319.0,2021-09-30,0.17712177121771222,sud
891,PIEMONTE,3.955,4.011,2021-09-30,0.014159292035398341,centro
892,PUGLIA,2.888,3.716,2021-09-30,0.2867036011080333,sud
893,SARDEGNA,2.605,1.985,2021-09-30,-0.23800383877159303,isole
894,SICILIA,6.443,5.934,2021-09-30,-0.07900046562160479,isole
895,TOSCANA,3.117,3.077,2021-09-30,-0.012832852101379522,centro
896,TRENTINO ALTO ADIGE,498.0,415.0,2021-09-30,-0.16666666666666663,nord-est
897,UMBRIA,1.335,1.377,2021-09-30,0.03146067415730336,centro
898,VALLE D'AOSTA,177.0,134.0,2021-09-30,-0.24293785310734461,centro
899,VENETO,1.907,2.269,2021-09-30,0.18982695332983757,nord-est
900,ABRUZZO,1.656,1.716,2021-10-31,0.03623188405797095,sud
901,BASILICATA,399.0,367.0,2021-10-31,-0.08020050125313283,sud
902,CALABRIA,2.703,2.691,2021-10-31,-0.004439511653718142,sud
903,CAMPANIA,6.106,6.668,2021-10-31,0.0920406157877498,sud
904,EMILIA ROMAGNA,2.998,3.284,2021-10-31,0.09539693128752491,nord-est
905,FRIULI VENEZIA GIULIA,463.0,627.0,2021-10-31,0.35421166306695473,nord-est
906,LAZIO,5.231,5.61,2021-10-31,0.0724526859109158,centro
907,LIGURIA,1.109,1.343,2021-10-31,0.21100090171325525,centro
908,LOMBARDIA,6.139,7.797,2021-10-31,0.2700765597002768,centro
909,MARCHE,846.0,833.0,2021-10-31,-0.015366430260047248,centro
910,MOLISE,271.0,317.0,2021-10-31,0.1697416974169741,sud
911,PIEMONTE,3.955,4.08,2021-10-31,0.031605562579013924,centro
912,PUGLIA,2.888,3.741,2021-10-31,0.29536011080332414,sud
913,SARDEGNA,2.605,1.988,2021-10-31,-0.23685220729366607,isole
914,SICILIA,6.448,5.934,2021-10-31,-0.07971464019851116,isole
915,TOSCANA,3.117,3.081,2021-10-31,-0.011549566891241536,centro
916,TRENTINO ALTO ADIGE,498.0,413.0,2021-10-31,-0.1706827309236948,nord-est
917,UMBRIA,1.335,1.425,2021-10-31,0.06741573033707882,centro
918,VALLE D'AOSTA,177.0,128.0,2021-10-31,-0.2768361581920904,centro
919,VENETO,1.907,2.264,2021-10-31,0.18720503408495004,nord-est
920,ABRUZZO,1.656,1.747,2021-11-30,0.05495169082125617,sud
921,BASILICATA,399.0,382.0,2021-11-30,-0.04260651629072687,sud
922,CALABRIA,2.704,2.704,2021-11-30,0.0,sud
923,CAMPANIA,6.108,6.73,2021-11-30,0.10183366077275724,sud
924,EMILIA ROMAGNA,2.998,3.303,2021-11-30,0.10173448965977316,nord-est
925,FRIULI VENEZIA GIULIA,463.0,621.0,2021-11-30,0.3412526997840173,nord-est
926,LAZIO,5.231,5.569,2021-11-30,0.06461479640604084,centro
927,LIGURIA,1.109,1.337,2021-11-30,0.20559062218214597,centro
928,LOMBARDIA,6.129,7.869,2021-11-30,0.28389623103279504,centro
929,MARCHE,846.0,830.0,2021-11-30,-0.01891252955082745,centro
930,MOLISE,271.0,313.0,2021-11-30,0.15498154981549805,sud
931,PIEMONTE,3.955,4.072,2021-11-30,0.029582806573956955,centro
932,PUGLIA,2.882,3.791,2021-11-30,0.3154059680777237,sud
933,SARDEGNA,2.575,1.989,2021-11-30,-0.22757281553398057,isole
934,SICILIA,6.449,6.002,2021-11-30,-0.06931307179407664,isole
935,TOSCANA,3.117,3.079,2021-11-30,-0.012191209496310473,centro
936,TRENTINO ALTO ADIGE,498.0,403.0,2021-11-30,-0.19076305220883538,nord-est
937,UMBRIA,1.335,1.432,2021-11-30,0.07265917602996264,centro
938,VALLE D'AOSTA,177.0,142.0,2021-11-30,-0.19774011299435024,centro
939,VENETO,1.907,2.278,2021-11-30,0.1945464079706345,nord-est
940,ABRUZZO,1.656,1.735,2021-12-31,0.04770531400966194,sud
941,BASILICATA,399.0,376.0,2021-12-31,-0.057644110275689275,sud
942,CALABRIA,2.704,2.681,2021-12-31,-0.008505917159763343,sud
943,CAMPANIA,6.114,6.674,2021-12-31,0.0915930650965,sud
944,EMILIA ROMAGNA,2.998,3.261,2021-12-31,0.08772515010006665,nord-est
945,FRIULI VENEZIA GIULIA,463.0,580.0,2021-12-31,0.25269978401727866,nord-est
946,LAZIO,5.231,5.548,2021-12-31,0.060600267635251504,centro
947,LIGURIA,1.109,1.307,2021-12-31,0.17853922452660043,centro
948,LOMBARDIA,6.129,7.838,2021-12-31,0.2788383096753142,centro
949,MARCHE,846.0,846.0,2021-12-31,0.0,centro
950,MOLISE,271.0,312.0,2021-12-31,0.1512915129151291,sud
951,PIEMONTE,3.951,4.027,2021-12-31,0.019235636547709545,centro
952,PUGLIA,2.907,3.76,2021-12-31,0.2934296525627793,sud
953,SARDEGNA,2.575,1.968,2021-12-31,-0.23572815533980584,isole
954,SICILIA,6.448,5.958,2021-12-31,-0.07599255583126552,isole
955,TOSCANA,3.117,3.028,2021-12-31,-0.028553095925569427,centro
956,TRENTINO ALTO ADIGE,498.0,416.0,2021-12-31,-0.16465863453815266,nord-est
957,UMBRIA,1.335,1.398,2021-12-31,0.04719101123595504,centro
958,VALLE D'AOSTA,177.0,138.0,2021-12-31,-0.22033898305084743,centro
959,VENETO,1.907,2.283,2021-12-31,0.1971683272155218,nord-est
960,ABRUZZO,1.656,1.731,2022-01-31,0.04528985507246386,sud
961,BASILICATA,397.0,364.0,2022-01-31,-0.08312342569269526,sud
962,CALABRIA,2.704,2.662,2022-01-31,-0.015532544378698332,sud
963,CAMPANIA,6.113,6.702,2022-01-31,0.09635203664321934,sud
964,EMILIA ROMAGNA,2.998,3.314,2022-01-31,0.10540360240160096,nord-est
965,FRIULI VENEZIA GIULIA,463.0,587.0,2022-01-31,0.2678185745140389,nord-est
966,LAZIO,5.231,5.555,2022-01-31,0.06193844389218128,centro
967,LIGURIA,1.109,1.308,2022-01-31,0.17944093778178538,centro
968,LOMBARDIA,6.146,7.898,2022-01-31,0.28506345590628057,centro
969,MARCHE,846.0,841.0,2022-01-31,-0.005910165484633523,centro
970,MOLISE,271.0,314.0,2022-01-31,0.15867158671586723,sud
971,PIEMONTE,3.951,4.046,2022-01-31,0.024044545684636764,centro
972,PUGLIA,2.907,3.833,2022-01-31,0.31854145166838665,sud
973,SARDEGNA,2.575,2.0,2022-01-31,-0.22330097087378642,isole
974,SICILIA,6.448,5.972,2022-01-31,-0.07382133995037221,isole
975,TOSCANA,3.117,3.014,2022-01-31,-0.03304459416105232,centro
976,TRENTINO ALTO ADIGE,498.0,411.0,2022-01-31,-0.17469879518072284,nord-est
977,UMBRIA,1.335,1.39,2022-01-31,0.041198501872659055,centro
978,VALLE D'AOSTA,177.0,140.0,2022-01-31,-0.20903954802259883,centro
979,VENETO,1.92,2.29,2022-01-31,0.19270833333333348,nord-est
980,ABRUZZO,1.656,1.719,2022-02-28,0.03804347826086962,sud
981,BASILICATA,412.0,384.0,2022-02-28,-0.06796116504854366,sud
982,CALABRIA,2.704,2.666,2022-02-28,-0.014053254437869866,sud
983,CAMPANIA,6.113,6.743,2022-02-28,0.10305905447407171,sud
984,EMILIA ROMAGNA,2.998,3.291,2022-02-28,0.0977318212141427,nord-est
985,FRIULI VENEZIA GIULIA,463.0,590.0,2022-02-28,0.2742980561555075,nord-est
986,LAZIO,5.231,5.588,2022-02-28,0.06824698910342186,centro
987,LIGURIA,1.109,1.32,2022-02-28,0.19026149684400373,centro
988,LOMBARDIA,6.15,7.931,2022-02-28,0.2895934959349593,centro
989,MARCHE,823.0,836.0,2022-02-28,0.015795868772782606,centro
990,MOLISE,271.0,317.0,2022-02-28,0.1697416974169741,sud
991,PIEMONTE,3.951,3.986,2022-02-28,0.008858516831182106,centro
992,PUGLIA,2.907,3.904,2022-02-28,0.3429652562779497,sud
993,SARDEGNA,2.575,2.019,2022-02-28,-0.2159223300970874,isole
994,SICILIA,6.444,6.112,2022-02-28,-0.051520794537554315,isole
995,TOSCANA,3.118,3.025,2022-02-28,-0.029826812059012164,centro
996,TRENTINO ALTO ADIGE,498.0,403.0,2022-02-28,-0.19076305220883538,nord-est
997,UMBRIA,1.336,1.377,2022-02-28,0.030688622754490913,centro
998,VALLE D'AOSTA,177.0,142.0,2022-02-28,-0.19774011299435024,centro
999,VENETO,1.92,2.292,2022-02-28,0.19374999999999987,nord-est
1000,ABRUZZO,1.656,1.709,2022-03-31,0.03200483091787443,sud
1001,BASILICATA,412.0,384.0,2022-03-31,-0.06796116504854366,sud
1002,CALABRIA,2.704,2.684,2022-03-31,-0.007396449704141994,sud
1003,CAMPANIA,6.113,6.708,2022-03-31,0.09733355144773426,sud
1004,EMILIA ROMAGNA,2.998,3.246,2022-03-31,0.08272181454302863,nord-est
1005,FRIULI VENEZIA GIULIA,463.0,591.0,2022-03-31,0.2764578833693305,nord-est
1006,LAZIO,5.231,5.582,2022-03-31,0.06709998088319624,centro
1007,LIGURIA,1.109,1.319,2022-03-31,0.18935978358881878,centro
1008,LOMBARDIA,6.15,7.987,2022-03-31,0.2986991869918698,centro
1009,MARCHE,823.0,823.0,2022-03-31,0.0,centro
1010,MOLISE,271.0,320.0,2022-03-31,0.18081180811808117,sud
1011,PIEMONTE,3.945,4.004,2022-03-31,0.014955640050696939,centro
1012,PUGLIA,2.906,3.908,2022-03-31,0.3448038540949758,sud
1013,SARDEGNA,2.575,2.017,2022-03-31,-0.21669902912621364,isole
1014,SICILIA,6.448,6.07,2022-03-31,-0.058622828784119174,isole
1015,TOSCANA,3.118,2.974,2022-03-31,-0.04618345093008325,centro
1016,TRENTINO ALTO ADIGE,498.0,440.0,2022-03-31,-0.11646586345381527,nord-est
1017,UMBRIA,1.336,1.402,2022-03-31,0.04940119760479034,centro
1018,VALLE D'AOSTA,177.0,142.0,2022-03-31,-0.19774011299435024,centro
1019,VENETO,1.92,2.299,2022-03-31,0.19739583333333344,nord-est
1020,ABRUZZO,1.656,1.737,2022-04-30,0.048913043478260976,sud
1021,BASILICATA,412.0,378.0,2022-04-30,-0.08252427184466016,sud
1022,CALABRIA,2.704,2.669,2022-04-30,-0.012943786982248517,sud
1023,CAMPANIA,6.113,6.806,2022-04-30,0.11336495992147877,sud
1024,EMILIA ROMAGNA,2.998,3.243,2022-04-30,0.08172114743162107,nord-est
1025,FRIULI VENEZIA GIULIA,463.0,607.0,2022-04-30,0.3110151187904968,nord-est
1026,LAZIO,5.231,5.586,2022-04-30,0.06786465303001354,centro
1027,LIGURIA,1.109,1.321,2022-04-30,0.19116321009918846,centro
1028,LOMBARDIA,6.15,7.962,2022-04-30,0.29463414634146323,centro
1029,MARCHE,824.0,807.0,2022-04-30,-0.020631067961165095,centro
1030,MOLISE,271.0,321.0,2022-04-30,0.18450184501845013,sud
1031,PIEMONTE,3.944,3.992,2022-04-30,0.012170385395537497,centro
1032,PUGLIA,2.906,3.9,2022-04-30,0.3420509291121816,sud
1033,SARDEGNA,2.575,2.018,2022-04-30,-0.21631067961165062,isole
1034,SICILIA,6.447,5.993,2022-04-30,-0.07042035055064366,isole
1035,TOSCANA,3.118,2.959,2022-04-30,-0.05099422706863366,centro
1036,TRENTINO ALTO ADIGE,498.0,426.0,2022-04-30,-0.14457831325301207,nord-est
1037,UMBRIA,1.336,1.42,2022-04-30,0.06287425149700598,centro
1038,VALLE D'AOSTA,177.0,135.0,2022-04-30,-0.23728813559322037,centro
1039,VENETO,1.921,2.315,2022-04-30,0.20510150963040075,nord-est
1040,ABRUZZO,1.658,1.812,2022-05-31,0.09288299155609181,sud
1041,BASILICATA,412.0,388.0,2022-05-31,-0.058252427184465994,sud
1042,CALABRIA,2.704,2.766,2022-05-31,0.022928994082840104,sud
1043,CAMPANIA,6.115,6.742,2022-05-31,0.10253475061324613,sud
1044,EMILIA ROMAGNA,2.998,3.291,2022-05-31,0.0977318212141427,nord-est
1045,FRIULI VENEZIA GIULIA,463.0,621.0,2022-05-31,0.3412526997840173,nord-est
1046,LAZIO,5.231,5.653,2022-05-31,0.08067291148919886,centro
1047,LIGURIA,1.109,1.309,2022-05-31,0.18034265103697011,centro
1048,LOMBARDIA,6.15,7.981,2022-05-31,0.29772357723577225,centro
1049,MARCHE,824.0,807.0,2022-05-31,-0.020631067961165095,centro
1050,MOLISE,271.0,331.0,2022-05-31,0.22140221402214033,sud
1051,PIEMONTE,3.946,4.006,2022-05-31,0.015205271160668943,centro
1052,PUGLIA,2.906,3.829,2022-05-31,0.317618719889883,sud
1053,SARDEGNA,2.575,2.011,2022-05-31,-0.21902912621359227,isole
1054,SICILIA,6.447,5.972,2022-05-31,-0.07367767954087168,isole
1055,TOSCANA,3.118,2.956,2022-05-31,-0.051956382296343806,centro
1056,TRENTINO ALTO ADIGE,498.0,427.0,2022-05-31,-0.142570281124498,nord-est
1057,UMBRIA,1.336,1.413,2022-05-31,0.05763473053892221,centro
1058,VALLE D'AOSTA,177.0,140.0,2022-05-31,-0.20903954802259883,centro
1059,VENETO,1.921,2.316,2022-05-31,0.20562207183758452,nord-est
1060,ABRUZZO,1.659,1.824,2022-06-30,0.09945750452079571,sud
1061,BASILICATA,420.0,397.0,2022-06-30,-0.05476190476190479,sud
1062,CALABRIA,2.704,2.774,2022-06-30,0.025887573964497035,sud
1063,CAMPANIA,6.124,6.726,2022-06-30,0.09830176355323328,sud
1064,EMILIA ROMAGNA,3.007,3.315,2022-06-30,0.10242766877286336,nord-est
1065,FRIULI VENEZIA GIULIA,463.0,598.0,2022-06-30,0.29157667386609076,nord-est
1066,LAZIO,5.231,5.667,2022-06-30,0.08334926400305864,centro
1067,LIGURIA,1.133,1.323,2022-06-30,0.1676963812886143,centro
1068,LOMBARDIA,6.15,7.962,2022-06-30,0.29463414634146323,centro
1069,MARCHE,824.0,808.0,2022-06-30,-0.01941747572815533,centro
1070,MOLISE,271.0,346.0,2022-06-30,0.2767527675276753,sud
1071,PIEMONTE,3.944,4.015,2022-06-30,0.018002028397565928,centro
1072,PUGLIA,2.896,3.817,2022-06-30,0.31802486187845314,sud
1073,SARDEGNA,2.575,2.004,2022-06-30,-0.22174757281553403,isole
1074,SICILIA,6.447,5.955,2022-06-30,-0.07631456491391342,isole
1075,TOSCANA,3.118,2.994,2022-06-30,-0.039769082745349515,centro
1076,TRENTINO ALTO ADIGE,498.0,426.0,2022-06-30,-0.14457831325301207,nord-est
1077,UMBRIA,1.336,1.406,2022-06-30,0.05239520958083821,centro
1078,VALLE D'AOSTA,177.0,139.0,2022-06-30,-0.21468926553672318,centro
1079,VENETO,1.923,2.345,2022-06-30,0.21944877795111806,nord-est
1080,ABRUZZO,1.659,1.842,2022-07-31,0.11030741410488254,sud
1081,BASILICATA,420.0,405.0,2022-07-31,-0.0357142857142857,sud
1082,CALABRIA,2.704,2.759,2022-07-31,0.02034023668639051,sud
1083,CAMPANIA,6.125,6.665,2022-07-31,0.0881632653061224,sud
1084,EMILIA ROMAGNA,3.01,3.321,2022-07-31,0.10332225913621285,nord-est
1085,FRIULI VENEZIA GIULIA,463.0,585.0,2022-07-31,0.2634989200863931,nord-est
1086,LAZIO,5.234,5.755,2022-07-31,0.09954145968666417,centro
1087,LIGURIA,1.133,1.372,2022-07-31,0.21094439541041488,centro
1088,LOMBARDIA,6.15,7.996,2022-07-31,0.30016260162601616,centro
1089,MARCHE,823.0,802.0,2022-07-31,-0.025516403402187082,centro
1090,MOLISE,271.0,332.0,2022-07-31,0.22509225092250928,sud
1091,PIEMONTE,3.947,4.019,2022-07-31,0.018241702558905448,centro
1092,PUGLIA,2.896,3.848,2022-07-31,0.3287292817679559,sud
1093,SARDEGNA,2.575,2.036,2022-07-31,-0.2093203883495146,isole
1094,SICILIA,6.447,5.941,2022-07-31,-0.07848611757406554,isole
1095,TOSCANA,3.118,3.005,2022-07-31,-0.03624118024374601,centro
1096,TRENTINO ALTO ADIGE,498.0,423.0,2022-07-31,-0.1506024096385542,nord-est
1097,UMBRIA,1.336,1.376,2022-07-31,0.029940119760478945,centro
1098,VALLE D'AOSTA,177.0,129.0,2022-07-31,-0.27118644067796616,centro
1099,VENETO,1.923,2.368,2022-07-31,0.23140925637025478,nord-est
1100,ABRUZZO,1.659,1.848,2022-08-31,0.11392405063291133,sud
1101,BASILICATA,420.0,404.0,2022-08-31,-0.03809523809523807,sud
1102,CALABRIA,2.701,2.805,2022-08-31,0.038504257682340004,sud
1103,CAMPANIA,6.131,6.694,2022-08-31,0.0918284129832001,sud
1104,EMILIA ROMAGNA,3.01,3.388,2022-08-31,0.12558139534883717,nord-est
1105,FRIULI VENEZIA GIULIA,463.0,599.0,2022-08-31,0.29373650107991356,nord-est
1106,LAZIO,5.234,5.825,2022-08-31,0.11291555215896065,centro
1107,LIGURIA,1.133,1.408,2022-08-31,0.24271844660194164,centro
1108,LOMBARDIA,6.15,8.141,2022-08-31,0.323739837398374,centro
1109,MARCHE,822.0,803.0,2022-08-31,-0.02311435523114358,centro
1110,MOLISE,271.0,330.0,2022-08-31,0.21771217712177116,sud
1111,PIEMONTE,3.943,4.096,2022-08-31,0.038802941922394085,centro
1112,PUGLIA,2.896,3.887,2022-08-31,0.34219613259668513,sud
1113,SARDEGNA,2.59,2.069,2022-08-31,-0.20115830115830113,isole
1114,SICILIA,6.447,5.981,2022-08-31,-0.07228168140220259,isole
1115,TOSCANA,3.118,3.037,2022-08-31,-0.025978191148171903,centro
1116,TRENTINO ALTO ADIGE,498.0,438.0,2022-08-31,-0.12048192771084343,nord-est
1117,UMBRIA,1.336,1.37,2022-08-31,0.025449101796407136,centro
1118,VALLE D'AOSTA,177.0,110.0,2022-08-31,-0.37853107344632764,centro
1119,VENETO,1.923,2.404,2022-08-31,0.250130005200208,nord-est
1120,ABRUZZO,1.659,1.833,2022-09-30,0.10488245931283902,sud
1121,BASILICATA,420.0,403.0,2022-09-30,-0.04047619047619044,sud
1122,CALABRIA,2.701,2.897,2022-09-30,0.07256571640133269,sud
1123,CAMPANIA,6.132,6.658,2022-09-30,0.08577951728636668,sud
1124,EMILIA ROMAGNA,3.013,3.379,2022-09-30,0.12147361433786918,nord-est
1125,FRIULI VENEZIA GIULIA,463.0,590.0,2022-09-30,0.2742980561555075,nord-est
1126,LAZIO,5.242,5.924,2022-09-30,0.1301030141167494,centro
1127,LIGURIA,1.133,1.382,2022-09-30,0.21977052074139447,centro
1128,LOMBARDIA,6.15,8.115,2022-09-30,0.3195121951219513,centro
1129,MARCHE,822.0,815.0,2022-09-30,-0.008515815085158196,centro
1130,MOLISE,271.0,334.0,2022-09-30,0.2324723247232472,sud
1131,PIEMONTE,3.943,4.125,2022-09-30,0.046157747907684454,centro
1132,PUGLIA,2.896,3.902,2022-09-30,0.347375690607735,sud
1133,SARDEGNA,2.59,2.066,2022-09-30,-0.2023166023166023,isole
1134,SICILIA,6.454,6.018,2022-09-30,-0.06755500464828013,isole
1135,TOSCANA,3.118,2.999,2022-09-30,-0.03816549069916608,centro
1136,TRENTINO ALTO ADIGE,498.0,459.0,2022-09-30,-0.07831325301204817,nord-est
1137,UMBRIA,1.338,1.371,2022-09-30,0.024663677130044803,centro
1138,VALLE D'AOSTA,177.0,107.0,2022-09-30,-0.3954802259887006,centro
1139,VENETO,1.922,2.458,2022-09-30,0.27887617065556736,nord-est
1140,ABRUZZO,1.659,1.849,2022-10-31,0.11452682338758291,sud
1141,BASILICATA,427.0,416.0,2022-10-31,-0.025761124121779888,sud
1142,CALABRIA,2.726,2.876,2022-10-31,0.05502567865003671,sud
1143,CAMPANIA,6.22,6.705,2022-10-31,0.07797427652733124,sud
1144,EMILIA ROMAGNA,3.013,3.365,2022-10-31,0.11682708264188535,nord-est
1145,FRIULI VENEZIA GIULIA,463.0,611.0,2022-10-31,0.31965442764578844,nord-est
1146,LAZIO,5.242,5.938,2022-10-31,0.13277375047691709,centro
1147,LIGURIA,1.131,1.372,2022-10-31,0.21308576480990293,centro
1148,LOMBARDIA,6.161,8.15,2022-10-31,0.3228372017529624,centro
1149,MARCHE,828.0,838.0,2022-10-31,0.012077294685990392,centro
1150,MOLISE,271.0,350.0,2022-10-31,0.29151291512915134,sud
1151,PIEMONTE,3.965,4.147,2022-10-31,0.04590163934426239,centro
1152,PUGLIA,2.895,3.974,2022-10-31,0.3727115716753022,sud
1153,SARDEGNA,2.614,2.081,2022-10-31,-0.20390206579954095,isole
1154,SICILIA,6.5,6.072,2022-10-31,-0.06584615384615389,isole
1155,TOSCANA,3.122,3.054,2022-10-31,-0.021780909673286386,centro
1156,TRENTINO ALTO ADIGE,498.0,444.0,2022-10-31,-0.10843373493975905,nord-est
1157,UMBRIA,1.34,1.387,2022-10-31,0.03507462686567164,centro
1158,VALLE D'AOSTA,177.0,109.0,2022-10-31,-0.384180790960452,centro
1159,VENETO,1.922,2.487,2022-10-31,0.29396462018730496,nord-est
1160,ABRUZZO,1.659,1.879,2022-11-30,0.13261000602772754,sud
1161,BASILICATA,437.0,413.0,2022-11-30,-0.05491990846681927,sud
1162,CALABRIA,2.726,2.868,2022-11-30,0.052090975788701366,sud
1163,CAMPANIA,6.215,6.783,2022-11-30,0.09139179404666131,sud
1164,EMILIA ROMAGNA,3.011,3.39,2022-11-30,0.12587180338757897,nord-est
1165,FRIULI VENEZIA GIULIA,471.0,598.0,2022-11-30,0.2696390658174097,nord-est
1166,LAZIO,5.242,5.986,2022-11-30,0.1419305608546355,centro
1167,LIGURIA,1.126,1.365,2022-11-30,0.2122557726465366,centro
1168,LOMBARDIA,6.174,8.247,2022-11-30,0.3357628765792031,centro
1169,MARCHE,828.0,864.0,2022-11-30,0.04347826086956519,centro
1170,MOLISE,271.0,339.0,2022-11-30,0.2509225092250922,sud
1171,PIEMONTE,3.998,4.125,2022-11-30,0.03176588294147065,centro
1172,PUGLIA,2.912,4.01,2022-11-30,0.37706043956043955,sud
1173,SARDEGNA,2.614,2.079,2022-11-30,-0.2046671767406273,isole
1174,SICILIA,6.5,6.098,2022-11-30,-0.061846153846153884,isole
1175,TOSCANA,3.169,3.007,2022-11-30,-0.05112022720100973,centro
1176,TRENTINO ALTO ADIGE,507.0,465.0,2022-11-30,-0.08284023668639051,nord-est
1177,UMBRIA,1.342,1.405,2022-11-30,0.0469448584202683,centro
1178,VALLE D'AOSTA,181.0,101.0,2022-11-30,-0.4419889502762431,centro
1179,VENETO,1.95,2.502,2022-11-30,0.283076923076923,nord-est
1180,ABRUZZO,1.666,1.875,2022-12-31,0.1254501800720289,sud
1181,BASILICATA,356.0,406.0,2022-12-31,0.1404494382022472,sud
1182,CALABRIA,2.726,2.928,2022-12-31,0.07410124724871614,sud
1183,CAMPANIA,6.218,6.756,2022-12-31,0.08652299774847227,sud
1184,EMILIA ROMAGNA,3.02,3.407,2022-12-31,0.12814569536423837,nord-est
1185,FRIULI VENEZIA GIULIA,471.0,572.0,2022-12-31,0.2144373673036093,nord-est
1186,LAZIO,5.29,5.933,2022-12-31,0.1215500945179584,centro
1187,LIGURIA,1.126,1.347,2022-12-31,0.19626998223801073,centro
1188,LOMBARDIA,6.173,8.147,2022-12-31,0.31977968572817117,centro
1189,MARCHE,838.0,855.0,2022-12-31,0.02028639618138417,centro
1190,MOLISE,273.0,328.0,2022-12-31,0.20146520146520142,sud
1191,PIEMONTE,4.0,4.06,2022-12-31,0.014999999999999902,centro
1192,PUGLIA,2.912,3.952,2022-12-31,0.3571428571428572,sud
1193,SARDEGNA,2.614,2.076,2022-12-31,-0.20581484315225707,isole
1194,SICILIA,6.5,6.13,2022-12-31,-0.056923076923076965,isole
1195,TOSCANA,3.169,2.963,2022-12-31,-0.0650047333543704,centro
1196,TRENTINO ALTO ADIGE,507.0,449.0,2022-12-31,-0.11439842209072981,nord-est
1197,UMBRIA,1.338,1.423,2022-12-31,0.06352765321375187,centro
1198,VALLE D'AOSTA,181.0,102.0,2022-12-31,-0.43646408839779005,centro
1199,VENETO,1.95,2.487,2022-12-31,0.27538461538461556,nord-est
1200,ABRUZZO,1.666,1.87,2023-01-31,0.12244897959183687,sud
1201,BASILICATA,378.0,429.0,2023-01-31,0.13492063492063489,sud
1202,CALABRIA,2.726,2.965,2023-01-31,0.08767424798239176,sud
1203,CAMPANIA,6.229,6.704,2023-01-31,0.0762562209022315,sud
1204,EMILIA ROMAGNA,2.984,3.428,2023-01-31,0.1487935656836461,nord-est
1205,FRIULI VENEZIA GIULIA,477.0,561.0,2023-01-31,0.17610062893081757,nord-est
1206,LAZIO,5.29,5.971,2023-01-31,0.12873345935727798,centro
1207,LIGURIA,1.126,1.358,2023-01-31,0.20603907637655428,centro
1208,LOMBARDIA,6.161,8.109,2023-01-31,0.3161824379159228,centro
1209,MARCHE,838.0,860.0,2023-01-31,0.026252983293556076,centro
1210,MOLISE,273.0,317.0,2023-01-31,0.16117216117216127,sud
1211,PIEMONTE,4.0,4.026,2023-01-31,0.00649999999999995,centro
1212,PUGLIA,2.912,3.964,2023-01-31,0.3612637362637363,sud
1213,SARDEGNA,2.614,2.068,2023-01-31,-0.20887528691660284,isole
1214,SICILIA,6.5,6.095,2023-01-31,-0.0623076923076924,isole
1215,TOSCANA,3.169,2.949,2023-01-31,-0.06942253076680349,centro
1216,TRENTINO ALTO ADIGE,507.0,445.0,2023-01-31,-0.12228796844181455,nord-est
1217,UMBRIA,1.342,1.415,2023-01-31,0.054396423248882275,centro
1218,VALLE D'AOSTA,181.0,117.0,2023-01-31,-0.35359116022099446,centro
1219,VENETO,2.03,2.476,2023-01-31,0.2197044334975371,nord-est
1220,ABRUZZO,1.653,1.898,2023-02-28,0.14821536600120977,sud
1221,BASILICATA,378.0,417.0,2023-02-28,0.10317460317460325,sud
1222,CALABRIA,2.726,3.012,2023-02-28,0.10491562729273651,sud
1223,CAMPANIA,6.203,6.768,2023-02-28,0.0910849588908591,sud
1224,EMILIA ROMAGNA,2.984,3.417,2023-02-28,0.14510723860589803,nord-est
1225,FRIULI VENEZIA GIULIA,476.0,579.0,2023-02-28,0.21638655462184864,nord-est
1226,LAZIO,5.295,5.965,2023-02-28,0.1265344664778092,centro
1227,LIGURIA,1.126,1.367,2023-02-28,0.21403197158081722,centro
1228,LOMBARDIA,6.161,8.1,2023-02-28,0.31472163609803605,centro
1229,MARCHE,835.0,851.0,2023-02-28,0.01916167664670665,centro
1230,MOLISE,275.0,319.0,2023-02-28,0.15999999999999992,sud
1231,PIEMONTE,4.0,4.027,2023-02-28,0.006750000000000034,centro
1232,PUGLIA,2.912,3.956,2023-02-28,0.3585164835164836,sud
1233,SARDEGNA,2.614,2.071,2023-02-28,-0.20772762050497307,isole
1234,SICILIA,6.498,6.139,2023-02-28,-0.055247768544167464,isole
1235,TOSCANA,3.169,2.976,2023-02-28,-0.06090249289996841,centro
1236,TRENTINO ALTO ADIGE,507.0,444.0,2023-02-28,-0.12426035502958577,nord-est
1237,UMBRIA,1.342,1.414,2023-02-28,0.05365126676602072,centro
1238,VALLE D'AOSTA,181.0,122.0,2023-02-28,-0.3259668508287292,centro
1239,VENETO,1.95,2.477,2023-02-28,0.27025641025641023,nord-est
1240,ABRUZZO,1.654,1.885,2023-03-31,0.1396614268440146,sud
1241,BASILICATA,378.0,424.0,2023-03-31,0.12169312169312163,sud
1242,CALABRIA,2.726,3.014,2023-03-31,0.1056493030080703,sud
1243,CAMPANIA,6.196,6.81,2023-03-31,0.09909619109102641,sud
1244,EMILIA ROMAGNA,2.983,3.423,2023-03-31,0.14750251424740202,nord-est
1245,FRIULI VENEZIA GIULIA,476.0,584.0,2023-03-31,0.2268907563025211,nord-est
1246,LAZIO,5.295,6.025,2023-03-31,0.1378659112370162,centro
1247,LIGURIA,1.106,1.388,2023-03-31,0.2549728752260396,centro
1248,LOMBARDIA,6.161,8.122,2023-03-31,0.31829248498620366,centro
1249,MARCHE,838.0,863.0,2023-03-31,0.029832935560859086,centro
1250,MOLISE,275.0,330.0,2023-03-31,0.19999999999999996,sud
1251,PIEMONTE,4.003,4.012,2023-03-31,0.0022483137646762685,centro
1252,PUGLIA,2.912,4.022,2023-03-31,0.3811813186813189,sud
1253,SARDEGNA,2.614,2.079,2023-03-31,-0.2046671767406273,isole
1254,SICILIA,6.498,6.189,2023-03-31,-0.04755309325946444,isole
1255,TOSCANA,3.169,2.999,2023-03-31,-0.05364468286525714,centro
1256,TRENTINO ALTO ADIGE,507.0,457.0,2023-03-31,-0.0986193293885601,nord-est
1257,UMBRIA,1.342,1.415,2023-03-31,0.054396423248882275,centro
1258,VALLE D'AOSTA,181.0,129.0,2023-03-31,-0.28729281767955805,centro
1259,VENETO,1.947,2.435,2023-03-31,0.2506420133538778,nord-est
1260,ABRUZZO,1.654,1.876,2023-04-30,0.13422007255139046,sud
1261,BASILICATA,378.0,415.0,2023-04-30,0.0978835978835979,sud
1262,CALABRIA,2.726,3.015,2023-04-30,0.10601614086573741,sud
1263,CAMPANIA,6.196,6.79,2023-04-30,0.09586830213040676,sud
1264,EMILIA ROMAGNA,2.983,3.419,2023-04-30,0.14616158229969822,nord-est
1265,FRIULI VENEZIA GIULIA,476.0,590.0,2023-04-30,0.23949579831932777,nord-est
1266,LAZIO,5.295,6.079,2023-04-30,0.14806421152030214,centro
1267,LIGURIA,1.106,1.399,2023-04-30,0.2649186256781193,centro
1268,LOMBARDIA,6.157,8.207,2023-04-30,0.33295436089004404,centro
1269,MARCHE,838.0,861.0,2023-04-30,0.027446300715990413,centro
1270,MOLISE,275.0,321.0,2023-04-30,0.16727272727272724,sud
1271,PIEMONTE,4.001,3.958,2023-04-30,-0.010747313171707074,centro
1272,PUGLIA,2.912,3.998,2023-04-30,0.37293956043956045,sud
1273,SARDEGNA,2.617,2.065,2023-04-30,-0.21092854413450512,isole
1274,SICILIA,6.498,6.219,2023-04-30,-0.04293628808864269,isole
1275,TOSCANA,3.16,2.999,2023-04-30,-0.050949367088607644,centro
1276,TRENTINO ALTO ADIGE,507.0,477.0,2023-04-30,-0.059171597633136064,nord-est
1277,UMBRIA,1.342,1.415,2023-04-30,0.054396423248882275,centro
1278,VALLE D'AOSTA,181.0,140.0,2023-04-30,-0.22651933701657456,centro
1279,VENETO,1.947,2.431,2023-04-30,0.24858757062146886,nord-est
1280,ABRUZZO,1.654,1.87,2023-05-31,0.13059250302297465,sud
1281,BASILICATA,378.0,434.0,2023-05-31,0.14814814814814814,sud
1282,CALABRIA,2.726,3.06,2023-05-31,0.12252384446074838,sud
1283,CAMPANIA,6.196,6.893,2023-05-31,0.1124919302775984,sud
1284,EMILIA ROMAGNA,2.983,3.431,2023-05-31,0.15018437814280916,nord-est
1285,FRIULI VENEZIA GIULIA,476.0,618.0,2023-05-31,0.2983193277310925,nord-est
1286,LAZIO,5.295,6.086,2023-05-31,0.14938621340887637,centro
1287,LIGURIA,1.107,1.402,2023-05-31,0.2664859981933152,centro
1288,LOMBARDIA,6.157,8.277,2023-05-31,0.3443235341887281,centro
1289,MARCHE,838.0,865.0,2023-05-31,0.03221957040572798,centro
1290,MOLISE,275.0,324.0,2023-05-31,0.17818181818181822,sud
1291,PIEMONTE,3.913,3.981,2023-05-31,0.017377970866343073,centro
1292,PUGLIA,2.912,4.038,2023-05-31,0.38667582417582436,sud
1293,SARDEGNA,2.617,2.079,2023-05-31,-0.20557890714558646,isole
1294,SICILIA,6.48,6.334,2023-05-31,-0.02253086419753103,isole
1295,TOSCANA,3.168,3.024,2023-05-31,-0.045454545454545525,centro
1296,TRENTINO ALTO ADIGE,508.0,472.0,2023-05-31,-0.07086614173228345,nord-est
1297,UMBRIA,1.342,1.425,2023-05-31,0.06184798807749625,centro
1298,VALLE D'AOSTA,181.0,130.0,2023-05-31,-0.2817679558011049,centro
1299,VENETO,1.947,2.487,2023-05-31,0.2773497688751927,nord-est
1300,ABRUZZO,1.652,1.84,2023-06-30,0.11380145278450371,sud
1301,BASILICATA,368.0,442.0,2023-06-30,0.20108695652173902,sud
1302,CALABRIA,2.726,3.038,2023-06-30,0.11445341159207634,sud
1303,CAMPANIA,6.196,6.994,2023-06-30,0.1287927695287283,sud
1304,EMILIA ROMAGNA,2.979,3.459,2023-06-30,0.161127895266868,nord-est
1305,FRIULI VENEZIA GIULIA,476.0,605.0,2023-06-30,0.27100840336134446,nord-est
1306,LAZIO,5.295,6.18,2023-06-30,0.16713881019830024,centro
1307,LIGURIA,1.107,1.398,2023-06-30,0.26287262872628725,centro
1308,LOMBARDIA,6.157,8.32,2023-06-30,0.3513074549293487,centro
1309,MARCHE,835.0,877.0,2023-06-30,0.05029940119760479,centro
1310,MOLISE,275.0,315.0,2023-06-30,0.1454545454545455,sud
1311,PIEMONTE,3.999,4.066,2023-06-30,0.016754188547136728,centro
1312,PUGLIA,2.912,4.137,2023-06-30,0.42067307692307687,sud
1313,SARDEGNA,2.617,2.047,2023-06-30,-0.21780664883454326,isole
1314,SICILIA,6.476,6.329,2023-06-30,-0.022699197035206953,isole
1315,TOSCANA,3.139,2.99,2023-06-30,-0.04746734628862681,centro
1316,TRENTINO ALTO ADIGE,508.0,472.0,2023-06-30,-0.07086614173228345,nord-est
1317,UMBRIA,1.342,1.419,2023-06-30,0.05737704918032782,centro
1318,VALLE D'AOSTA,181.0,116.0,2023-06-30,-0.3591160220994475,centro
1319,VENETO,1.947,2.481,2023-06-30,0.27426810477657915,nord-est
1320,ABRUZZO,1.652,1.906,2023-07-31,0.1537530266343825,sud
1321,BASILICATA,368.0,461.0,2023-07-31,0.2527173913043479,sud
1322,CALABRIA,2.754,3.003,2023-07-31,0.09041394335511987,sud
1323,CAMPANIA,6.189,6.998,2023-07-31,0.13071578607206336,sud
1324,EMILIA ROMAGNA,2.979,3.477,2023-07-31,0.1671701913393755,nord-est
1325,FRIULI VENEZIA GIULIA,476.0,598.0,2023-07-31,0.25630252100840334,nord-est
1326,LAZIO,5.287,6.209,2023-07-31,0.17439001324002268,centro
1327,LIGURIA,1.11,1.379,2023-07-31,0.2423423423423423,centro
1328,LOMBARDIA,6.157,8.37,2023-07-31,0.35942829299983736,centro
1329,MARCHE,838.0,874.0,2023-07-31,0.042959427207637235,centro
1330,MOLISE,275.0,308.0,2023-07-31,0.1200000000000001,sud
1331,PIEMONTE,3.999,4.036,2023-07-31,0.009252313078269347,centro
1332,PUGLIA,2.912,4.199,2023-07-31,0.4419642857142858,sud
1333,SARDEGNA,2.617,2.07,2023-07-31,-0.20901795949560575,isole
1334,SICILIA,6.476,6.376,2023-07-31,-0.01544163063619508,isole
1335,TOSCANA,3.218,2.989,2023-07-31,-0.0711622125543816,centro
1336,TRENTINO ALTO ADIGE,508.0,446.0,2023-07-31,-0.1220472440944882,nord-est
1337,UMBRIA,1.342,1.427,2023-07-31,0.06333830104321914,centro
1338,VALLE D'AOSTA,181.0,111.0,2023-07-31,-0.3867403314917127,centro
1339,VENETO,1.947,2.512,2023-07-31,0.29019003595274784,nord-est
1340,ABRUZZO,1.653,1.928,2023-08-31,0.16636418632788863,sud
1341,BASILICATA,368.0,451.0,2023-08-31,0.22554347826086962,sud
1342,CALABRIA,2.725,3.023,2023-08-31,0.10935779816513769,sud
1343,CAMPANIA,6.189,7.094,2023-08-31,0.1462271772499597,sud
1344,EMILIA ROMAGNA,2.979,3.471,2023-08-31,0.1651560926485398,nord-est
1345,FRIULI VENEZIA GIULIA,476.0,609.0,2023-08-31,0.27941176470588225,nord-est
1346,LAZIO,5.287,6.304,2023-08-31,0.19235861547191235,centro
1347,LIGURIA,1.11,1.402,2023-08-31,0.2630630630630628,centro
1348,LOMBARDIA,6.153,8.543,2023-08-31,0.38842840890622465,centro
1349,MARCHE,835.0,881.0,2023-08-31,0.05508982035928134,centro
1350,MOLISE,275.0,307.0,2023-08-31,0.11636363636363645,sud
1351,PIEMONTE,3.999,4.06,2023-08-31,0.015253813453363296,centro
1352,PUGLIA,2.923,4.254,2023-08-31,0.4553540882654805,sud
1353,SARDEGNA,2.617,2.085,2023-08-31,-0.2032862055789072,isole
1354,SICILIA,6.476,6.436,2023-08-31,-0.0061766522544780544,isole
1355,TOSCANA,3.163,3.046,2023-08-31,-0.03699019917799562,centro
1356,TRENTINO ALTO ADIGE,508.0,464.0,2023-08-31,-0.08661417322834641,nord-est
1357,UMBRIA,1.342,1.427,2023-08-31,0.06333830104321914,centro
1358,VALLE D'AOSTA,181.0,114.0,2023-08-31,-0.37016574585635365,centro
1359,VENETO,1.947,2.529,2023-08-31,0.2989214175654853,nord-est
1360,ABRUZZO,1.714,1.93,2023-09-30,0.12602100350058332,sud
1361,BASILICATA,368.0,468.0,2023-09-30,0.2717391304347827,sud
1362,CALABRIA,2.725,3.046,2023-09-30,0.11779816513761454,sud
1363,CAMPANIA,6.165,7.199,2023-09-30,0.16772100567721004,sud
1364,EMILIA ROMAGNA,2.979,3.491,2023-09-30,0.17186975495132595,nord-est
1365,FRIULI VENEZIA GIULIA,476.0,587.0,2023-09-30,0.23319327731092443,nord-est
1366,LAZIO,5.337,6.381,2023-09-30,0.19561551433389557,centro
1367,LIGURIA,1.11,1.408,2023-09-30,0.2684684684684684,centro
1368,LOMBARDIA,6.153,8.597,2023-09-30,0.3972046156346498,centro
1369,MARCHE,837.0,901.0,2023-09-30,0.07646356033452806,centro
1370,MOLISE,275.0,312.0,2023-09-30,0.13454545454545452,sud
1371,PIEMONTE,3.999,4.139,2023-09-30,0.03500875218804711,centro
1372,PUGLIA,2.912,4.309,2023-09-30,0.47973901098901117,sud
1373,SARDEGNA,2.616,2.117,2023-09-30,-0.19074923547400613,isole
1374,SICILIA,6.476,6.472,2023-09-30,-0.0006176652254477055,isole
1375,TOSCANA,3.163,3.062,2023-09-30,-0.031931710401517543,centro
1376,TRENTINO ALTO ADIGE,508.0,463.0,2023-09-30,-0.08858267716535428,nord-est
1377,UMBRIA,1.344,1.43,2023-09-30,0.06398809523809512,centro
1378,VALLE D'AOSTA,181.0,111.0,2023-09-30,-0.3867403314917127,centro
1379,VENETO,1.947,2.564,2023-09-30,0.3168977914740627,nord-est
1380,ABRUZZO,1.714,1.958,2023-10-31,0.1423570595099184,sud
1381,BASILICATA,368.0,476.0,2023-10-31,0.2934782608695652,sud
1382,CALABRIA,2.719,3.08,2023-10-31,0.13276940051489516,sud
1383,CAMPANIA,6.165,7.279,2023-10-31,0.18069748580697476,sud
1384,EMILIA ROMAGNA,2.979,3.481,2023-10-31,0.16851292379993277,nord-est
1385,FRIULI VENEZIA GIULIA,475.0,626.0,2023-10-31,0.31789473684210523,nord-est
1386,LAZIO,5.334,6.453,2023-10-31,0.2097862767154106,centro
1387,LIGURIA,1.11,1.415,2023-10-31,0.27477477477477463,centro
1388,LOMBARDIA,6.153,8.691,2023-10-31,0.4124817162359826,centro
1389,MARCHE,837.0,914.0,2023-10-31,0.09199522102747903,centro
1390,MOLISE,275.0,297.0,2023-10-31,0.08000000000000007,sud
1391,PIEMONTE,3.999,4.215,2023-10-31,0.054013503375843985,centro
1392,PUGLIA,2.912,4.387,2023-10-31,0.5065247252747251,sud
1393,SARDEGNA,2.616,2.133,2023-10-31,-0.18463302752293576,isole
1394,SICILIA,6.476,6.591,2023-10-31,0.01775787523162453,isole
1395,TOSCANA,3.163,3.092,2023-10-31,-0.022447043945621137,centro
1396,TRENTINO ALTO ADIGE,508.0,466.0,2023-10-31,-0.08267716535433067,nord-est
1397,UMBRIA,1.344,1.443,2023-10-31,0.07366071428571419,centro
1398,VALLE D'AOSTA,181.0,123.0,2023-10-31,-0.3204419889502762,centro
1399,VENETO,1.947,2.595,2023-10-31,0.3328197226502312,nord-est
1400,ABRUZZO,1.714,1.947,2023-11-30,0.1359393232205368,sud
1401,BASILICATA,368.0,480.0,2023-11-30,0.30434782608695654,sud
1402,CALABRIA,2.711,3.101,2023-11-30,0.14385835485060872,sud
1403,CAMPANIA,6.171,7.303,2023-11-30,0.18343866472208714,sud
1404,EMILIA ROMAGNA,2.979,3.52,2023-11-30,0.18160456529036595,nord-est
1405,FRIULI VENEZIA GIULIA,475.0,632.0,2023-11-30,0.3305263157894738,nord-est
1406,LAZIO,5.334,6.465,2023-11-30,0.2120359955005624,centro
1407,LIGURIA,1.11,1.41,2023-11-30,0.2702702702702702,centro
1408,LOMBARDIA,6.152,8.733,2023-11-30,0.4195383615084527,centro
1409,MARCHE,837.0,907.0,2023-11-30,0.08363201911589013,centro
1410,MOLISE,275.0,309.0,2023-11-30,0.12363636363636354,sud
1411,PIEMONTE,3.999,4.229,2023-11-30,0.057514378594648585,centro
1412,PUGLIA,2.912,4.475,2023-11-30,0.5367445054945055,sud
1413,SARDEGNA,2.616,2.149,2023-11-30,-0.1785168195718655,isole
1414,SICILIA,6.476,6.68,2023-11-30,0.03150092649783809,isole
1415,TOSCANA,3.163,3.094,2023-11-30,-0.021814732848561502,centro
1416,TRENTINO ALTO ADIGE,508.0,476.0,2023-11-30,-0.06299212598425197,nord-est
1417,UMBRIA,1.344,1.468,2023-11-30,0.09226190476190466,centro
1418,VALLE D'AOSTA,181.0,136.0,2023-11-30,-0.24861878453038677,centro
1419,VENETO,1.947,2.602,2023-11-30,0.3364149974319466,nord-est
1420,ABRUZZO,1.689,1.958,2023-12-31,0.15926583777383052,sud
1421,BASILICATA,368.0,479.0,2023-12-31,0.30163043478260865,sud
1422,CALABRIA,2.711,3.038,2023-12-31,0.12061969752858714,sud
1423,CAMPANIA,6.171,7.33,2023-12-31,0.18781396856263166,sud
1424,EMILIA ROMAGNA,2.979,3.572,2023-12-31,0.19906008727760982,nord-est
1425,FRIULI VENEZIA GIULIA,475.0,639.0,2023-12-31,0.34526315789473694,nord-est
1426,LAZIO,5.284,6.537,2023-12-31,0.23713096139288425,centro
1427,LIGURIA,1.11,1.36,2023-12-31,0.22522522522522515,centro
1428,LOMBARDIA,6.149,8.722,2023-12-31,0.4184420230931858,centro
1429,MARCHE,837.0,919.0,2023-12-31,0.09796893667861406,centro
1430,MOLISE,275.0,317.0,2023-12-31,0.15272727272727282,sud
1431,PIEMONTE,3.982,4.231,2023-12-31,0.06253139126067286,centro
1432,PUGLIA,2.912,4.42,2023-12-31,0.5178571428571428,sud
1433,SARDEGNA,2.616,2.14,2023-12-31,-0.18195718654434245,isole
1434,SICILIA,6.476,6.711,2023-12-31,0.036287831995058806,isole
1435,TOSCANA,3.163,3.094,2023-12-31,-0.021814732848561502,centro
1436,TRENTINO ALTO ADIGE,510.0,483.0,2023-12-31,-0.05294117647058827,nord-est
1437,UMBRIA,1.344,1.484,2023-12-31,0.10416666666666652,centro
1438,VALLE D'AOSTA,181.0,132.0,2023-12-31,-0.27071823204419887,centro
1439,VENETO,1.947,2.6,2023-12-31,0.3353877760657422,nord-est
