Regione,Capienza regolamentare,Detenuti presenti (totale),Data
ABRUZZO,1.608,1.876,2018-01-31
BASILICATA,416,531,2018-01-31
CALABRIA,2.700,2.637,2018-01-31
CAMPANIA,6.161,7.321,2018-01-31
EMILIA ROMAGNA,2.811,3.463,2018-01-31
FRIULI VENEZIA GIULIA,480,678,2018-01-31
LAZIO,5.258,6.326,2018-01-31
LIGURIA,1.118,1.403,2018-01-31
LOMBARDIA,6.226,8.527,2018-01-31
MARCHE,898,934,2018-01-31
MOLISE,264,417,2018-01-31
PIEMONTE,3.974,4.236,2018-01-31
PUGLIA,2.337,3.408,2018-01-31
SARDEGNA,2.713,2.336,2018-01-31
SICILIA,6.443,6.396,2018-01-31
TOSCANA,3.145,3.305,2018-01-31
TRENTINO ALTO ADIGE,506,418,2018-01-31
UMBRIA,1.331,1.386,2018-01-31
VALLE D'AOSTA,181,188,2018-01-31
VENETO,1.947,2.301,2018-01-31
ABRUZZO,1.643,1.887,2018-02-28
BASILICATA,413,521,2018-02-28
CALABRIA,2.700,2.650,2018-02-28
CAMPANIA,6.160,7.364,2018-02-28
EMILIA ROMAGNA,2.811,3.464,2018-02-28
FRIULI VENEZIA GIULIA,480,686,2018-02-28
LAZIO,5.257,6.265,2018-02-28
LIGURIA,1.137,1.445,2018-02-28
LOMBARDIA,6.226,8.540,2018-02-28
MARCHE,898,944,2018-02-28
MOLISE,264,420,2018-02-28
PIEMONTE,3.974,4.175,2018-02-28
PUGLIA,2.337,3.469,2018-02-28
SARDEGNA,2.713,2.330,2018-02-28
SICILIA,6.466,6.398,2018-02-28
TOSCANA,3.145,3.316,2018-02-28
TRENTINO ALTO ADIGE,506,408,2018-02-28
UMBRIA,1.331,1.384,2018-02-28
VALLE D'AOSTA,181,176,2018-02-28
VENETO,1.947,2.321,2018-02-28
ABRUZZO,1.643,1.903,2018-03-31
BASILICATA,413,506,2018-03-31
CALABRIA,2.734,2.659,2018-03-31
CAMPANIA,6.162,7.347,2018-03-31
EMILIA ROMAGNA,2.811,3.435,2018-03-31
FRIULI VENEZIA GIULIA,480,675,2018-03-31
LAZIO,5.257,6.303,2018-03-31
LIGURIA,1.129,1.433,2018-03-31
LOMBARDIA,6.226,8.574,2018-03-31
MARCHE,898,911,2018-03-31
MOLISE,263,421,2018-03-31
PIEMONTE,3.975,4.250,2018-03-31
PUGLIA,2.329,3.470,2018-03-31
SARDEGNA,2.713,2.337,2018-03-31
SICILIA,6.470,6.321,2018-03-31
TOSCANA,3.145,3.311,2018-03-31
TRENTINO ALTO ADIGE,506,410,2018-03-31
UMBRIA,1.331,1.414,2018-03-31
VALLE D'AOSTA,181,201,2018-03-31
VENETO,1.947,2.342,2018-03-31
ABRUZZO,1.643,1.914,2018-04-30
BASILICATA,413,512,2018-04-30
CALABRIA,2.734,2.644,2018-04-30
CAMPANIA,6.162,7.412,2018-04-30
EMILIA ROMAGNA,2.811,3.480,2018-04-30
FRIULI VENEZIA GIULIA,480,642,2018-04-30
LAZIO,5.257,6.363,2018-04-30
LIGURIA,1.129,1.441,2018-04-30
LOMBARDIA,6.226,8.482,2018-04-30
MARCHE,898,899,2018-04-30
MOLISE,263,421,2018-04-30
PIEMONTE,3.975,4.283,2018-04-30
PUGLIA,2.329,3.480,2018-04-30
SARDEGNA,2.713,2.307,2018-04-30
SICILIA,6.476,6.312,2018-04-30
TOSCANA,3.145,3.359,2018-04-30
TRENTINO ALTO ADIGE,506,404,2018-04-30
UMBRIA,1.331,1.391,2018-04-30
VALLE D'AOSTA,181,202,2018-04-30
VENETO,1.947,2.337,2018-04-30
ABRUZZO,1.643,1.885,2018-05-31
BASILICATA,413,509,2018-05-31
CALABRIA,2.734,2.707,2018-05-31
CAMPANIA,6.161,7.495,2018-05-31
EMILIA ROMAGNA,2.808,3.530,2018-05-31
FRIULI VENEZIA GIULIA,480,650,2018-05-31
LAZIO,5.272,6.368,2018-05-31
LIGURIA,1.129,1.442,2018-05-31
LOMBARDIA,6.226,8.550,2018-05-31
MARCHE,898,902,2018-05-31
MOLISE,270,422,2018-05-31
PIEMONTE,3.972,4.323,2018-05-31
PUGLIA,2.322,3.529,2018-05-31
SARDEGNA,2.713,2.258,2018-05-31
SICILIA,6.464,6.310,2018-05-31
TOSCANA,3.145,3.345,2018-05-31
TRENTINO ALTO ADIGE,506,417,2018-05-31
UMBRIA,1.331,1.389,2018-05-31
VALLE D'AOSTA,181,215,2018-05-31
VENETO,1.947,2.323,2018-05-31
ABRUZZO,1.643,1.914,2018-06-30
BASILICATA,413,533,2018-06-30
CALABRIA,2.734,2.775,2018-06-30
CAMPANIA,6.161,7.459,2018-06-30
EMILIA ROMAGNA,2.808,3.560,2018-06-30
FRIULI VENEZIA GIULIA,480,628,2018-06-30
LAZIO,5.270,6.398,2018-06-30
LIGURIA,1.129,1.455,2018-06-30
LOMBARDIA,6.226,8.500,2018-06-30
MARCHE,898,898,2018-06-30
MOLISE,270,418,2018-06-30
PIEMONTE,3.978,4.356,2018-06-30
PUGLIA,2.322,3.578,2018-06-30
SARDEGNA,2.713,2.248,2018-06-30
SICILIA,6.476,6.376,2018-06-30
TOSCANA,3.146,3.333,2018-06-30
TRENTINO ALTO ADIGE,506,416,2018-06-30
UMBRIA,1.331,1.369,2018-06-30
VALLE D'AOSTA,181,226,2018-06-30
VENETO,1.947,2.319,2018-06-30
ABRUZZO,1.643,1.942,2018-07-31
BASILICATA,413,552,2018-07-31
CALABRIA,2.734,2.753,2018-07-31
CAMPANIA,6.161,7.410,2018-07-31
EMILIA ROMAGNA,2.808,3.536,2018-07-31
FRIULI VENEZIA GIULIA,480,623,2018-07-31
LAZIO,5.270,6.314,2018-07-31
LIGURIA,1.129,1.455,2018-07-31
LOMBARDIA,6.226,8.369,2018-07-31
MARCHE,898,923,2018-07-31
MOLISE,270,413,2018-07-31
PIEMONTE,3.976,4.380,2018-07-31
PUGLIA,2.322,3.538,2018-07-31
SARDEGNA,2.713,2.235,2018-07-31
SICILIA,6.471,6.359,2018-07-31
TOSCANA,3.146,3.337,2018-07-31
TRENTINO ALTO ADIGE,506,412,2018-07-31
UMBRIA,1.331,1.390,2018-07-31
VALLE D'AOSTA,181,228,2018-07-31
VENETO,1.946,2.337,2018-07-31
ABRUZZO,1.640,1.960,2018-08-31
BASILICATA,413,570,2018-08-31
CALABRIA,2.734,2.698,2018-08-31
CAMPANIA,6.161,7.477,2018-08-31
EMILIA ROMAGNA,2.806,3.576,2018-08-31
FRIULI VENEZIA GIULIA,480,629,2018-08-31
LAZIO,5.270,6.400,2018-08-31
LIGURIA,1.128,1.489,2018-08-31
LOMBARDIA,6.226,8.440,2018-08-31
MARCHE,898,940,2018-08-31
MOLISE,270,393,2018-08-31
PIEMONTE,3.976,4.445,2018-08-31
PUGLIA,2.322,3.611,2018-08-31
SARDEGNA,2.713,2.257,2018-08-31
SICILIA,6.475,6.400,2018-08-31
TOSCANA,3.146,3.386,2018-08-31
TRENTINO ALTO ADIGE,506,430,2018-08-31
UMBRIA,1.331,1.400,2018-08-31
VALLE D'AOSTA,181,229,2018-08-31
VENETO,1.946,2.405,2018-08-31
ABRUZZO,1.640,1.950,2018-09-30
BASILICATA,413,564,2018-09-30
CALABRIA,2.734,2.752,2018-09-30
CAMPANIA,6.163,7.515,2018-09-30
EMILIA ROMAGNA,2.805,3.584,2018-09-30
FRIULI VENEZIA GIULIA,480,635,2018-09-30
LAZIO,5.270,6.375,2018-09-30
LIGURIA,1.128,1.481,2018-09-30
LOMBARDIA,6.226,8.439,2018-09-30
MARCHE,897,938,2018-09-30
MOLISE,270,408,2018-09-30
PIEMONTE,3.976,4.432,2018-09-30
PUGLIA,2.322,3.689,2018-09-30
SARDEGNA,2.700,2.216,2018-09-30
SICILIA,6.485,6.413,2018-09-30
TOSCANA,3.146,3.432,2018-09-30
TRENTINO ALTO ADIGE,506,417,2018-09-30
UMBRIA,1.334,1.409,2018-09-30
VALLE D'AOSTA,181,223,2018-09-30
VENETO,1.946,2.403,2018-09-30
ABRUZZO,1.640,1.950,2018-10-31
BASILICATA,413,560,2018-10-31
CALABRIA,2.734,2.787,2018-10-31
CAMPANIA,6.142,7.627,2018-10-31
EMILIA ROMAGNA,2.805,3.645,2018-10-31
FRIULI VENEZIA GIULIA,480,625,2018-10-31
LAZIO,5.270,6.492,2018-10-31
LIGURIA,1.128,1.508,2018-10-31
LOMBARDIA,6.223,8.507,2018-10-31
MARCHE,897,934,2018-10-31
MOLISE,270,385,2018-10-31
PIEMONTE,3.976,4.455,2018-10-31
PUGLIA,2.322,3.732,2018-10-31
SARDEGNA,2.700,2.212,2018-10-31
SICILIA,6.503,6.512,2018-10-31
TOSCANA,3.146,3.372,2018-10-31
TRENTINO ALTO ADIGE,506,441,2018-10-31
UMBRIA,1.334,1.432,2018-10-31
VALLE D'AOSTA,181,223,2018-10-31
VENETO,1.946,2.404,2018-10-31
ABRUZZO,1.640,1.974,2018-11-30
BASILICATA,413,560,2018-11-30
CALABRIA,2.734,2.822,2018-11-30
CAMPANIA,6.142,7.699,2018-11-30
EMILIA ROMAGNA,2.805,3.569,2018-11-30
FRIULI VENEZIA GIULIA,480,630,2018-11-30
LAZIO,5.259,6.517,2018-11-30
LIGURIA,1.128,1.512,2018-11-30
LOMBARDIA,6.223,8.546,2018-11-30
MARCHE,897,949,2018-11-30
MOLISE,270,381,2018-11-30
PIEMONTE,3.976,4.483,2018-11-30
PUGLIA,2.322,3.731,2018-11-30
SARDEGNA,2.706,2.204,2018-11-30
SICILIA,6.499,6.538,2018-11-30
TOSCANA,3.146,3.406,2018-11-30
TRENTINO ALTO ADIGE,506,455,2018-11-30
UMBRIA,1.334,1.400,2018-11-30
VALLE D'AOSTA,181,223,2018-11-30
VENETO,1.922,2.403,2018-11-30
ABRUZZO,1.640,1.973,2018-12-31
BASILICATA,413,559,2018-12-31
CALABRIA,2.734,2.805,2018-12-31
CAMPANIA,6.142,7.660,2018-12-31
EMILIA ROMAGNA,2.805,3.554,2018-12-31
FRIULI VENEZIA GIULIA,480,641,2018-12-31
LAZIO,5.256,6.534,2018-12-31
LIGURIA,1.128,1.474,2018-12-31
LOMBARDIA,6.226,8.494,2018-12-31
MARCHE,897,929,2018-12-31
MOLISE,270,387,2018-12-31
PIEMONTE,3.976,4.478,2018-12-31
PUGLIA,2.322,3.646,2018-12-31
SARDEGNA,2.706,2.159,2018-12-31
SICILIA,6.497,6.469,2018-12-31
TOSCANA,3.146,3.406,2018-12-31
TRENTINO ALTO ADIGE,506,400,2018-12-31
UMBRIA,1.334,1.431,2018-12-31
VALLE D'AOSTA,181,221,2018-12-31
VENETO,1.922,2.435,2018-12-31
ABRUZZO,1.627,1.949,2019-01-31
BASILICATA,413,520,2019-01-31
CALABRIA,2.734,2.902,2019-01-31
CAMPANIA,6.134,7.787,2019-01-31
EMILIA ROMAGNA,2.805,3.569,2019-01-31
FRIULI VENEZIA GIULIA,480,651,2019-01-31
LAZIO,5.258,6.580,2019-01-31
LIGURIA,1.128,1.474,2019-01-31
LOMBARDIA,6.226,8.540,2019-01-31
MARCHE,897,940,2019-01-31
MOLISE,270,377,2019-01-31
PIEMONTE,3.976,4.491,2019-01-31
PUGLIA,2.319,3.718,2019-01-31
SARDEGNA,2.706,2.150,2019-01-31
SICILIA,6.493,6.553,2019-01-31
TOSCANA,3.146,3.392,2019-01-31
TRENTINO ALTO ADIGE,506,386,2019-01-31
UMBRIA,1.329,1.440,2019-01-31
VALLE D'AOSTA,181,227,2019-01-31
VENETO,1.922,2.479,2019-01-31
ABRUZZO,1.627,1.979,2019-02-28
BASILICATA,413,495,2019-02-28
CALABRIA,2.734,2.931,2019-02-28
CAMPANIA,6.138,7.795,2019-02-28
EMILIA ROMAGNA,2.805,3.621,2019-02-28
FRIULI VENEZIA GIULIA,480,666,2019-02-28
LAZIO,5.258,6.583,2019-02-28
LIGURIA,1.128,1.487,2019-02-28
LOMBARDIA,6.198,8.605,2019-02-28
MARCHE,897,936,2019-02-28
MOLISE,270,380,2019-02-28
PIEMONTE,3.976,4.513,2019-02-28
PUGLIA,2.319,3.736,2019-02-28
SARDEGNA,2.706,2.145,2019-02-28
SICILIA,6.493,6.508,2019-02-28
TOSCANA,3.146,3.428,2019-02-28
TRENTINO ALTO ADIGE,506,379,2019-02-28
UMBRIA,1.329,1.430,2019-02-28
VALLE D'AOSTA,181,234,2019-02-28
VENETO,1.918,2.497,2019-02-28
ABRUZZO,1.627,2.018,2019-03-31
BASILICATA,413,449,2019-03-31
CALABRIA,2.734,2.882,2019-03-31
CAMPANIA,6.136,7.835,2019-03-31
EMILIA ROMAGNA,2.805,3.641,2019-03-31
FRIULI VENEZIA GIULIA,480,675,2019-03-31
LAZIO,5.258,6.562,2019-03-31
LIGURIA,1.124,1.527,2019-03-31
LOMBARDIA,6.197,8.635,2019-03-31
MARCHE,897,924,2019-03-31
MOLISE,270,407,2019-03-31
PIEMONTE,3.976,4.570,2019-03-31
PUGLIA,2.319,3.765,2019-03-31
SARDEGNA,2.706,2.151,2019-03-31
SICILIA,6.493,6.571,2019-03-31
TOSCANA,3.145,3.420,2019-03-31
TRENTINO ALTO ADIGE,506,403,2019-03-31
UMBRIA,1.329,1.434,2019-03-31
VALLE D'AOSTA,181,241,2019-03-31
VENETO,1.918,2.501,2019-03-31
ABRUZZO,1.645,2.035,2019-04-30
BASILICATA,413,434,2019-04-30
CALABRIA,2.734,2.922,2019-04-30
CAMPANIA,6.136,7.844,2019-04-30
EMILIA ROMAGNA,2.805,3.635,2019-04-30
FRIULI VENEZIA GIULIA,480,641,2019-04-30
LAZIO,5.252,6.528,2019-04-30
LIGURIA,1.125,1.527,2019-04-30
LOMBARDIA,6.199,8.610,2019-04-30
MARCHE,897,879,2019-04-30
MOLISE,270,419,2019-04-30
PIEMONTE,3.976,4.584,2019-04-30
PUGLIA,2.319,3.723,2019-04-30
SARDEGNA,2.706,2.148,2019-04-30
SICILIA,6.480,6.509,2019-04-30
TOSCANA,3.145,3.456,2019-04-30
TRENTINO ALTO ADIGE,506,403,2019-04-30
UMBRIA,1.324,1.411,2019-04-30
VALLE D'AOSTA,181,233,2019-04-30
VENETO,1.918,2.498,2019-04-30
ABRUZZO,1.645,2.000,2019-05-31
BASILICATA,413,464,2019-05-31
CALABRIA,2.734,2.913,2019-05-31
CAMPANIA,6.131,7.841,2019-05-31
EMILIA ROMAGNA,2.795,3.631,2019-05-31
FRIULI VENEZIA GIULIA,480,653,2019-05-31
LAZIO,5.254,6.520,2019-05-31
LIGURIA,1.131,1.509,2019-05-31
LOMBARDIA,6.199,8.610,2019-05-31
MARCHE,897,890,2019-05-31
MOLISE,270,414,2019-05-31
PIEMONTE,3.972,4.592,2019-05-31
PUGLIA,2.319,3.743,2019-05-31
SARDEGNA,2.706,2.190,2019-05-31
SICILIA,6.484,6.480,2019-05-31
TOSCANA,3.145,3.523,2019-05-31
TRENTINO ALTO ADIGE,506,414,2019-05-31
UMBRIA,1.324,1.407,2019-05-31
VALLE D'AOSTA,181,224,2019-05-31
VENETO,1.942,2.458,2019-05-31
ABRUZZO,1.645,2.027,2019-06-30
BASILICATA,413,469,2019-06-30
CALABRIA,2.734,2.869,2019-06-30
CAMPANIA,6.133,7.849,2019-06-30
EMILIA ROMAGNA,2.795,3.695,2019-06-30
FRIULI VENEZIA GIULIA,477,652,2019-06-30
LAZIO,5.254,6.484,2019-06-30
LIGURIA,1.104,1.504,2019-06-30
LOMBARDIA,6.199,8.574,2019-06-30
MARCHE,897,886,2019-06-30
MOLISE,270,414,2019-06-30
PIEMONTE,3.972,4.636,2019-06-30
PUGLIA,2.319,3.812,2019-06-30
SARDEGNA,2.706,2.189,2019-06-30
SICILIA,6.484,6.452,2019-06-30
TOSCANA,3.141,3.550,2019-06-30
TRENTINO ALTO ADIGE,506,417,2019-06-30
UMBRIA,1.324,1.407,2019-06-30
VALLE D'AOSTA,181,204,2019-06-30
VENETO,1.942,2.432,2019-06-30
ABRUZZO,1.645,2.077,2019-07-31
BASILICATA,413,471,2019-07-31
CALABRIA,2.733,2.865,2019-07-31
CAMPANIA,6.157,7.606,2019-07-31
EMILIA ROMAGNA,2.795,3.707,2019-07-31
FRIULI VENEZIA GIULIA,479,674,2019-07-31
LAZIO,5.254,6.483,2019-07-31
LIGURIA,1.104,1.540,2019-07-31
LOMBARDIA,6.199,8.472,2019-07-31
MARCHE,856,893,2019-07-31
MOLISE,270,408,2019-07-31
PIEMONTE,3.972,4.665,2019-07-31
PUGLIA,2.319,3.745,2019-07-31
SARDEGNA,2.706,2.235,2019-07-31
SICILIA,6.484,6.396,2019-07-31
TOSCANA,3.141,3.598,2019-07-31
TRENTINO ALTO ADIGE,506,408,2019-07-31
UMBRIA,1.324,1.427,2019-07-31
VALLE D'AOSTA,181,183,2019-07-31
VENETO,1.942,2.401,2019-07-31
ABRUZZO,1.645,2.049,2019-08-31
BASILICATA,413,475,2019-08-31
CALABRIA,2.734,2.835,2019-08-31
CAMPANIA,6.157,7.577,2019-08-31
EMILIA ROMAGNA,2.792,3.766,2019-08-31
FRIULI VENEZIA GIULIA,479,695,2019-08-31
LAZIO,5.254,6.574,2019-08-31
LIGURIA,1.104,1.568,2019-08-31
LOMBARDIA,6.199,8.618,2019-08-31
MARCHE,856,881,2019-08-31
MOLISE,270,409,2019-08-31
PIEMONTE,3.971,4.698,2019-08-31
PUGLIA,2.319,3.784,2019-08-31
SARDEGNA,2.706,2.281,2019-08-31
SICILIA,6.476,6.367,2019-08-31
TOSCANA,3.141,3.652,2019-08-31
TRENTINO ALTO ADIGE,506,438,2019-08-31
UMBRIA,1.324,1.461,2019-08-31
VALLE D'AOSTA,181,178,2019-08-31
VENETO,1.942,2.435,2019-08-31
ABRUZZO,1.646,2.056,2019-09-30
BASILICATA,413,509,2019-09-30
CALABRIA,2.734,2.819,2019-09-30
CAMPANIA,6.157,7.560,2019-09-30
EMILIA ROMAGNA,2.793,3.760,2019-09-30
FRIULI VENEZIA GIULIA,479,666,2019-09-30
LAZIO,5.247,6.585,2019-09-30
LIGURIA,1.104,1.523,2019-09-30
LOMBARDIA,6.199,8.645,2019-09-30
MARCHE,856,891,2019-09-30
MOLISE,270,400,2019-09-30
PIEMONTE,3.971,4.686,2019-09-30
PUGLIA,2.319,3.815,2019-09-30
SARDEGNA,2.714,2.295,2019-09-30
SICILIA,6.476,6.496,2019-09-30
TOSCANA,3.141,3.658,2019-09-30
TRENTINO ALTO ADIGE,506,444,2019-09-30
UMBRIA,1.324,1.443,2019-09-30
VALLE D'AOSTA,181,200,2019-09-30
VENETO,1.942,2.430,2019-09-30
ABRUZZO,1.646,2.026,2019-10-31
BASILICATA,413,502,2019-10-31
CALABRIA,2.734,2.784,2019-10-31
CAMPANIA,6.158,7.482,2019-10-31
EMILIA ROMAGNA,2.793,3.846,2019-10-31
FRIULI VENEZIA GIULIA,479,671,2019-10-31
LAZIO,5.247,6.584,2019-10-31
LIGURIA,1.104,1.537,2019-10-31
LOMBARDIA,6.199,8.618,2019-10-31
MARCHE,856,896,2019-10-31
MOLISE,270,415,2019-10-31
PIEMONTE,3.971,4.645,2019-10-31
PUGLIA,2.319,3.857,2019-10-31
SARDEGNA,2.714,2.321,2019-10-31
SICILIA,6.478,6.526,2019-10-31
TOSCANA,3.140,3.603,2019-10-31
TRENTINO ALTO ADIGE,506,449,2019-10-31
UMBRIA,1.324,1.455,2019-10-31
VALLE D'AOSTA,181,243,2019-10-31
VENETO,1.942,2.525,2019-10-31
ABRUZZO,1.646,2.062,2019-11-30
BASILICATA,411,478,2019-11-30
CALABRIA,2.734,2.771,2019-11-30
CAMPANIA,6.157,7.459,2019-11-30
EMILIA ROMAGNA,2.793,3.856,2019-11-30
FRIULI VENEZIA GIULIA,479,664,2019-11-30
LAZIO,5.247,6.652,2019-11-30
LIGURIA,1.104,1.551,2019-11-30
LOMBARDIA,6.199,8.659,2019-11-30
MARCHE,856,919,2019-11-30
MOLISE,270,420,2019-11-30
PIEMONTE,3.971,4.588,2019-11-30
PUGLIA,2.319,3.912,2019-11-30
SARDEGNA,2.714,2.327,2019-11-30
SICILIA,6.489,6.445,2019-11-30
TOSCANA,3.134,3.580,2019-11-30
TRENTINO ALTO ADIGE,506,442,2019-11-30
UMBRIA,1.324,1.485,2019-11-30
VALLE D'AOSTA,181,232,2019-11-30
VENETO,1.942,2.672,2019-11-30
ABRUZZO,1.646,2.064,2019-12-31
BASILICATA,411,471,2019-12-31
CALABRIA,2.734,2.898,2019-12-31
CAMPANIA,6.164,7.412,2019-12-31
EMILIA ROMAGNA,2.793,3.834,2019-12-31
FRIULI VENEZIA GIULIA,479,656,2019-12-31
LAZIO,5.247,6.566,2019-12-31
LIGURIA,1.104,1.511,2019-12-31
LOMBARDIA,6.199,8.547,2019-12-31
MARCHE,857,898,2019-12-31
MOLISE,270,462,2019-12-31
PIEMONTE,3.971,4.531,2019-12-31
PUGLIA,2.517,3.814,2019-12-31
SARDEGNA,2.710,2.288,2019-12-31
SICILIA,6.497,6.445,2019-12-31
TOSCANA,3.136,3.556,2019-12-31
TRENTINO ALTO ADIGE,506,445,2019-12-31
UMBRIA,1.324,1.471,2019-12-31
VALLE D'AOSTA,181,228,2019-12-31
VENETO,1.942,2.672,2019-12-31
ABRUZZO,1.650,2.091,2020-01-31
BASILICATA,411,459,2020-01-31
CALABRIA,2.735,2.794,2020-01-31
CAMPANIA,6.164,7.468,2020-01-31
EMILIA ROMAGNA,2.793,3.862,2020-01-31
FRIULI VENEZIA GIULIA,479,659,2020-01-31
LAZIO,5.246,6.613,2020-01-31
LIGURIA,1.104,1.522,2020-01-31
LOMBARDIA,6.199,8.583,2020-01-31
MARCHE,857,907,2020-01-31
MOLISE,270,452,2020-01-31
PIEMONTE,3.971,4.517,2020-01-31
PUGLIA,2.517,3.869,2020-01-31
SARDEGNA,2.710,2.319,2020-01-31
SICILIA,6.497,6.547,2020-01-31
TOSCANA,3.136,3.572,2020-01-31
TRENTINO ALTO ADIGE,506,433,2020-01-31
UMBRIA,1.324,1.450,2020-01-31
VALLE D'AOSTA,181,245,2020-01-31
VENETO,1.942,2.609,2020-01-31
ABRUZZO,1.650,2.014,2020-02-29
BASILICATA,411,461,2020-02-29
CALABRIA,2.735,2.779,2020-02-29
CAMPANIA,6.211,7.419,2020-02-29
EMILIA ROMAGNA,2.989,3.895,2020-02-29
FRIULI VENEZIA GIULIA,479,663,2020-02-29
LAZIO,5.244,6.667,2020-02-29
LIGURIA,1.104,1.519,2020-02-29
LOMBARDIA,6.199,8.720,2020-02-29
MARCHE,857,926,2020-02-29
MOLISE,270,475,2020-02-29
PIEMONTE,3.971,4.553,2020-02-29
PUGLIA,2.517,3.863,2020-02-29
SARDEGNA,2.710,2.310,2020-02-29
SICILIA,6.495,6.590,2020-02-29
TOSCANA,3.136,3.590,2020-02-29
TRENTINO ALTO ADIGE,506,424,2020-02-29
UMBRIA,1.324,1.485,2020-02-29
VALLE D'AOSTA,181,239,2020-02-29
VENETO,1.942,2.638,2020-02-29
ABRUZZO,1.655,1.953,2020-03-31
BASILICATA,409,374,2020-03-31
CALABRIA,2.731,2.846,2020-03-31
CAMPANIA,6.158,6.972,2020-03-31
EMILIA ROMAGNA,3.002,3.261,2020-03-31
FRIULI VENEZIA GIULIA,479,631,2020-03-31
LAZIO,5.209,6.204,2020-03-31
LIGURIA,1.117,1.495,2020-03-31
LOMBARDIA,6.203,8.095,2020-03-31
MARCHE,856,969,2020-03-31
MOLISE,266,439,2020-03-31
PIEMONTE,3.947,4.507,2020-03-31
PUGLIA,2.478,3.574,2020-03-31
SARDEGNA,2.710,2.202,2020-03-31
SICILIA,6.466,6.218,2020-03-31
TOSCANA,3.120,3.471,2020-03-31
TRENTINO ALTO ADIGE,497,410,2020-03-31
UMBRIA,1.324,1.460,2020-03-31
VALLE D'AOSTA,181,227,2020-03-31
VENETO,1.946,2.538,2020-03-31
ABRUZZO,1.655,1.850,2020-04-30
BASILICATA,402,348,2020-04-30
CALABRIA,2.706,2.667,2020-04-30
CAMPANIA,6.087,6.451,2020-04-30
EMILIA ROMAGNA,2.995,3.076,2020-04-30
FRIULI VENEZIA GIULIA,473,589,2020-04-30
LAZIO,5.192,5.738,2020-04-30
LIGURIA,1.111,1.398,2020-04-30
LOMBARDIA,6.140,7.333,2020-04-30
MARCHE,851,899,2020-04-30
MOLISE,268,410,2020-04-30
PIEMONTE,3.938,4.190,2020-04-30
PUGLIA,2.469,3.406,2020-04-30
SARDEGNA,2.679,2.125,2020-04-30
SICILIA,6.443,5.833,2020-04-30
TOSCANA,3.116,3.256,2020-04-30
TRENTINO ALTO ADIGE,497,371,2020-04-30
UMBRIA,1.322,1.398,2020-04-30
VALLE D'AOSTA,177,211,2020-04-30
VENETO,1.917,2.355,2020-04-30
ABRUZZO,1.655,1.796,2020-05-31
BASILICATA,402,360,2020-05-31
CALABRIA,2.706,2.628,2020-05-31
CAMPANIA,6.043,6.404,2020-05-31
EMILIA ROMAGNA,2.995,3.001,2020-05-31
FRIULI VENEZIA GIULIA,464,593,2020-05-31
LAZIO,5.178,5.689,2020-05-31
LIGURIA,1.111,1.385,2020-05-31
LOMBARDIA,6.137,7.283,2020-05-31
MARCHE,846,863,2020-05-31
MOLISE,268,404,2020-05-31
PIEMONTE,3.938,4.165,2020-05-31
PUGLIA,2.665,3.418,2020-05-31
SARDEGNA,2.615,2.087,2020-05-31
SICILIA,6.443,5.860,2020-05-31
TOSCANA,3.092,3.226,2020-05-31
TRENTINO ALTO ADIGE,497,361,2020-05-31
UMBRIA,1.322,1.370,2020-05-31
VALLE D'AOSTA,177,198,2020-05-31
VENETO,1.918,2.296,2020-05-31
ABRUZZO,1.655,1.762,2020-06-30
BASILICATA,407,366,2020-06-30
CALABRIA,2.709,2.631,2020-06-30
CAMPANIA,6.035,6.428,2020-06-30
EMILIA ROMAGNA,2.995,3.033,2020-06-30
FRIULI VENEZIA GIULIA,464,603,2020-06-30
LAZIO,5.183,5.762,2020-06-30
LIGURIA,1.111,1.403,2020-06-30
LOMBARDIA,6.145,7.349,2020-06-30
MARCHE,846,870,2020-06-30
MOLISE,268,393,2020-06-30
PIEMONTE,3.938,4.176,2020-06-30
PUGLIA,2.681,3.434,2020-06-30
SARDEGNA,2.611,2.044,2020-06-30
SICILIA,6.443,5.920,2020-06-30
TOSCANA,3.095,3.209,2020-06-30
TRENTINO ALTO ADIGE,497,362,2020-06-30
UMBRIA,1.322,1.391,2020-06-30
VALLE D'AOSTA,177,192,2020-06-30
VENETO,1.919,2.251,2020-06-30
ABRUZZO,1.655,1.742,2020-07-31
BASILICATA,407,382,2020-07-31
CALABRIA,2.710,2.684,2020-07-31
CAMPANIA,6.035,6.424,2020-07-31
EMILIA ROMAGNA,2.995,3.021,2020-07-31
FRIULI VENEZIA GIULIA,464,600,2020-07-31
LAZIO,5.212,5.779,2020-07-31
LIGURIA,1.118,1.408,2020-07-31
LOMBARDIA,6.156,7.418,2020-07-31
MARCHE,846,891,2020-07-31
MOLISE,268,387,2020-07-31
PIEMONTE,3.938,4.183,2020-07-31
PUGLIA,2.683,3.413,2020-07-31
SARDEGNA,2.611,2.026,2020-07-31
SICILIA,6.446,5.896,2020-07-31
TOSCANA,3.099,3.203,2020-07-31
TRENTINO ALTO ADIGE,497,377,2020-07-31
UMBRIA,1.322,1.356,2020-07-31
VALLE D'AOSTA,177,171,2020-07-31
VENETO,1.919,2.258,2020-07-31
ABRUZZO,1.655,1.753,2020-08-31
BASILICATA,407,387,2020-08-31
CALABRIA,2.710,2.603,2020-08-31
CAMPANIA,6.050,6.422,2020-08-31
EMILIA ROMAGNA,2.995,3.071,2020-08-31
FRIULI VENEZIA GIULIA,464,612,2020-08-31
LAZIO,5.213,5.803,2020-08-31
LIGURIA,1.120,1.443,2020-08-31
LOMBARDIA,6.156,7.569,2020-08-31
MARCHE,846,875,2020-08-31
MOLISE,268,372,2020-08-31
PIEMONTE,3.938,4.235,2020-08-31
PUGLIA,2.683,3.463,2020-08-31
SARDEGNA,2.611,2.051,2020-08-31
SICILIA,6.446,5.816,2020-08-31
TOSCANA,3.100,3.229,2020-08-31
TRENTINO ALTO ADIGE,497,392,2020-08-31
UMBRIA,1.323,1.361,2020-08-31
VALLE D'AOSTA,177,178,2020-08-31
VENETO,1.915,2.286,2020-08-31
ABRUZZO,1.655,1.754,2020-09-30
BASILICATA,401,372,2020-09-30
CALABRIA,2.712,2.602,2020-09-30
CAMPANIA,6.062,6.475,2020-09-30
EMILIA ROMAGNA,2.995,3.134,2020-09-30
FRIULI VENEZIA GIULIA,464,632,2020-09-30
LAZIO,5.213,5.786,2020-09-30
LIGURIA,1.120,1.445,2020-09-30
LOMBARDIA,6.156,7.667,2020-09-30
MARCHE,846,834,2020-09-30
MOLISE,268,373,2020-09-30
PIEMONTE,3.938,4.293,2020-09-30
PUGLIA,2.688,3.503,2020-09-30
SARDEGNA,2.611,2.047,2020-09-30
SICILIA,6.441,5.905,2020-09-30
TOSCANA,3.101,3.247,2020-09-30
TRENTINO ALTO ADIGE,497,399,2020-09-30
UMBRIA,1.323,1.350,2020-09-30
VALLE D'AOSTA,177,188,2020-09-30
VENETO,1.902,2.271,2020-09-30
ABRUZZO,1.658,1.742,2020-10-31
BASILICATA,401,390,2020-10-31
CALABRIA,2.712,2.573,2020-10-31
CAMPANIA,6.052,6.648,2020-10-31
EMILIA ROMAGNA,2.995,3.190,2020-10-31
FRIULI VENEZIA GIULIA,464,631,2020-10-31
LAZIO,5.217,5.839,2020-10-31
LIGURIA,1.120,1.439,2020-10-31
LOMBARDIA,6.156,7.751,2020-10-31
MARCHE,846,855,2020-10-31
MOLISE,268,380,2020-10-31
PIEMONTE,3.918,4.289,2020-10-31
PUGLIA,2.686,3.622,2020-10-31
SARDEGNA,2.609,2.071,2020-10-31
SICILIA,6.449,5.895,2020-10-31
TOSCANA,3.101,3.273,2020-10-31
TRENTINO ALTO ADIGE,498,411,2020-10-31
UMBRIA,1.323,1.362,2020-10-31
VALLE D'AOSTA,177,186,2020-10-31
VENETO,1.903,2.321,2020-10-31
ABRUZZO,1.658,1.721,2020-11-30
BASILICATA,401,407,2020-11-30
CALABRIA,2.713,2.515,2020-11-30
CAMPANIA,6.052,6.548,2020-11-30
EMILIA ROMAGNA,2.993,3.176,2020-11-30
FRIULI VENEZIA GIULIA,464,626,2020-11-30
LAZIO,5.230,5.810,2020-11-30
LIGURIA,1.120,1.433,2020-11-30
LOMBARDIA,6.154,7.715,2020-11-30
MARCHE,846,843,2020-11-30
MOLISE,271,375,2020-11-30
PIEMONTE,3.918,4.254,2020-11-30
PUGLIA,2.686,3.560,2020-11-30
SARDEGNA,2.609,2.058,2020-11-30
SICILIA,6.449,5.883,2020-11-30
TOSCANA,3.098,3.248,2020-11-30
TRENTINO ALTO ADIGE,498,385,2020-11-30
UMBRIA,1.323,1.348,2020-11-30
VALLE D'AOSTA,177,169,2020-11-30
VENETO,1.908,2.294,2020-11-30
ABRUZZO,1.658,1.659,2020-12-31
BASILICATA,401,399,2020-12-31
CALABRIA,2.713,2.447,2020-12-31
CAMPANIA,6.052,6.403,2020-12-31
EMILIA ROMAGNA,2.993,3.139,2020-12-31
FRIULI VENEZIA GIULIA,466,600,2020-12-31
LAZIO,5.230,5.816,2020-12-31
LIGURIA,1.120,1.352,2020-12-31
LOMBARDIA,6.143,7.602,2020-12-31
MARCHE,846,847,2020-12-31
MOLISE,271,351,2020-12-31
PIEMONTE,3.918,4.175,2020-12-31
PUGLIA,2.686,3.501,2020-12-31
SARDEGNA,2.609,2.010,2020-12-31
SICILIA,6.449,5.733,2020-12-31
TOSCANA,3.100,3.204,2020-12-31
TRENTINO ALTO ADIGE,498,388,2020-12-31
UMBRIA,1.324,1.284,2020-12-31
VALLE D'AOSTA,177,172,2020-12-31
VENETO,1.908,2.282,2020-12-31
ABRUZZO,1.658,1.641,2021-01-31
BASILICATA,401,402,2021-01-31
CALABRIA,2.704,2.457,2021-01-31
CAMPANIA,6.052,6.417,2021-01-31
EMILIA ROMAGNA,2.993,3.194,2021-01-31
FRIULI VENEZIA GIULIA,467,621,2021-01-31
LAZIO,5.230,5.759,2021-01-31
LIGURIA,1.120,1.316,2021-01-31
LOMBARDIA,6.143,7.645,2021-01-31
MARCHE,846,832,2021-01-31
MOLISE,271,346,2021-01-31
PIEMONTE,3.919,4.178,2021-01-31
PUGLIA,2.686,3.514,2021-01-31
SARDEGNA,2.609,2.010,2021-01-31
SICILIA,6.447,5.727,2021-01-31
TOSCANA,3.098,3.159,2021-01-31
TRENTINO ALTO ADIGE,498,385,2021-01-31
UMBRIA,1.324,1.292,2021-01-31
VALLE D'AOSTA,177,164,2021-01-31
VENETO,1.908,2.270,2021-01-31
ABRUZZO,1.658,1.622,2021-02-28
BASILICATA,401,390,2021-02-28
CALABRIA,2.704,2.520,2021-02-28
CAMPANIA,6.054,6.519,2021-02-28
EMILIA ROMAGNA,2.993,3.270,2021-02-28
FRIULI VENEZIA GIULIA,467,637,2021-02-28
LAZIO,5.230,5.692,2021-02-28
LIGURIA,1.120,1.318,2021-02-28
LOMBARDIA,6.143,7.766,2021-02-28
MARCHE,846,857,2021-02-28
MOLISE,271,344,2021-02-28
PIEMONTE,3.918,4.144,2021-02-28
PUGLIA,2.686,3.538,2021-02-28
SARDEGNA,2.609,2.019,2021-02-28
SICILIA,6.447,5.793,2021-02-28
TOSCANA,3.098,3.124,2021-02-28
TRENTINO ALTO ADIGE,498,379,2021-02-28
UMBRIA,1.324,1.301,2021-02-28
VALLE D'AOSTA,177,172,2021-02-28
VENETO,1.907,2.292,2021-02-28
ABRUZZO,1.658,1.638,2021-03-31
BASILICATA,401,395,2021-03-31
CALABRIA,2.704,2.543,2021-03-31
CAMPANIA,6.085,6.458,2021-03-31
EMILIA ROMAGNA,2.992,3.276,2021-03-31
FRIULI VENEZIA GIULIA,467,639,2021-03-31
LAZIO,5.230,5.644,2021-03-31
LIGURIA,1.120,1.309,2021-03-31
LOMBARDIA,6.146,7.751,2021-03-31
MARCHE,846,830,2021-03-31
MOLISE,271,343,2021-03-31
PIEMONTE,3.918,4.144,2021-03-31
PUGLIA,2.882,3.543,2021-03-31
SARDEGNA,2.609,2.020,2021-03-31
SICILIA,6.447,5.755,2021-03-31
TOSCANA,3.097,3.094,2021-03-31
TRENTINO ALTO ADIGE,498,396,2021-03-31
UMBRIA,1.324,1.287,2021-03-31
VALLE D'AOSTA,177,172,2021-03-31
VENETO,1.907,2.272,2021-03-31
ABRUZZO,1.658,1.648,2021-04-30
BASILICATA,401,376,2021-04-30
CALABRIA,2.704,2.567,2021-04-30
CAMPANIA,6.087,6.554,2021-04-30
EMILIA ROMAGNA,2.993,3.277,2021-04-30
FRIULI VENEZIA GIULIA,467,648,2021-04-30
LAZIO,5.230,5.587,2021-04-30
LIGURIA,1.120,1.310,2021-04-30
LOMBARDIA,6.146,7.787,2021-04-30
MARCHE,846,849,2021-04-30
MOLISE,271,339,2021-04-30
PIEMONTE,3.918,4.119,2021-04-30
PUGLIA,2.882,3.585,2021-04-30
SARDEGNA,2.606,1.980,2021-04-30
SICILIA,6.447,5.738,2021-04-30
TOSCANA,3.097,3.075,2021-04-30
TRENTINO ALTO ADIGE,498,407,2021-04-30
UMBRIA,1.330,1.306,2021-04-30
VALLE D'AOSTA,177,164,2021-04-30
VENETO,1.907,2.292,2021-04-30
ABRUZZO,1.658,1.635,2021-05-31
BASILICATA,401,370,2021-05-31
CALABRIA,2.704,2.572,2021-05-31
CAMPANIA,6.084,6.554,2021-05-31
EMILIA ROMAGNA,2.996,3.241,2021-05-31
FRIULI VENEZIA GIULIA,467,631,2021-05-31
LAZIO,5.230,5.584,2021-05-31
LIGURIA,1.127,1.331,2021-05-31
LOMBARDIA,6.139,7.777,2021-05-31
MARCHE,846,839,2021-05-31
MOLISE,271,333,2021-05-31
PIEMONTE,3.917,4.046,2021-05-31
PUGLIA,2.882,3.688,2021-05-31
SARDEGNA,2.606,1.969,2021-05-31
SICILIA,6.443,5.817,2021-05-31
TOSCANA,3.097,3.090,2021-05-31
TRENTINO ALTO ADIGE,498,415,2021-05-31
UMBRIA,1.330,1.326,2021-05-31
VALLE D'AOSTA,177,157,2021-05-31
VENETO,1.907,2.285,2021-05-31
ABRUZZO,1.658,1.659,2021-06-30
BASILICATA,401,366,2021-06-30
CALABRIA,2.704,2.617,2021-06-30
CAMPANIA,6.084,6.533,2021-06-30
EMILIA ROMAGNA,2.996,3.250,2021-06-30
FRIULI VENEZIA GIULIA,467,617,2021-06-30
LAZIO,5.230,5.599,2021-06-30
LIGURIA,1.125,1.333,2021-06-30
LOMBARDIA,6.139,7.745,2021-06-30
MARCHE,846,840,2021-06-30
MOLISE,271,334,2021-06-30
PIEMONTE,3.917,4.009,2021-06-30
PUGLIA,2.882,3.679,2021-06-30
SARDEGNA,2.606,1.963,2021-06-30
SICILIA,6.443,5.817,2021-06-30
TOSCANA,3.098,3.076,2021-06-30
TRENTINO ALTO ADIGE,498,416,2021-06-30
UMBRIA,1.330,1.337,2021-06-30
VALLE D'AOSTA,177,149,2021-06-30
VENETO,1.907,2.298,2021-06-30
ABRUZZO,1.656,1.661,2021-07-31
BASILICATA,401,358,2021-07-31
CALABRIA,2.704,2.604,2021-07-31
CAMPANIA,6.107,6.413,2021-07-31
EMILIA ROMAGNA,2.996,3.192,2021-07-31
FRIULI VENEZIA GIULIA,467,624,2021-07-31
LAZIO,5.239,5.544,2021-07-31
LIGURIA,1.125,1.328,2021-07-31
LOMBARDIA,6.139,7.623,2021-07-31
MARCHE,846,819,2021-07-31
MOLISE,271,333,2021-07-31
PIEMONTE,3.955,3.960,2021-07-31
PUGLIA,2.890,3.662,2021-07-31
SARDEGNA,2.605,1.925,2021-07-31
SICILIA,6.443,5.891,2021-07-31
TOSCANA,3.117,3.032,2021-07-31
TRENTINO ALTO ADIGE,498,408,2021-07-31
UMBRIA,1.334,1.346,2021-07-31
VALLE D'AOSTA,177,140,2021-07-31
VENETO,1.907,2.266,2021-07-31
ABRUZZO,1.656,1.693,2021-08-31
BASILICATA,399,357,2021-08-31
CALABRIA,2.704,2.617,2021-08-31
CAMPANIA,6.108,6.432,2021-08-31
EMILIA ROMAGNA,2.996,3.224,2021-08-31
FRIULI VENEZIA GIULIA,467,644,2021-08-31
LAZIO,5.231,5.583,2021-08-31
LIGURIA,1.125,1.345,2021-08-31
LOMBARDIA,6.139,7.736,2021-08-31
MARCHE,846,833,2021-08-31
MOLISE,271,336,2021-08-31
PIEMONTE,3.955,4.002,2021-08-31
PUGLIA,2.888,3.708,2021-08-31
SARDEGNA,2.605,1.961,2021-08-31
SICILIA,6.443,5.888,2021-08-31
TOSCANA,3.117,3.041,2021-08-31
TRENTINO ALTO ADIGE,498,404,2021-08-31
UMBRIA,1.335,1.366,2021-08-31
VALLE D'AOSTA,177,141,2021-08-31
VENETO,1.907,2.246,2021-08-31
ABRUZZO,1.656,1.705,2021-09-30
BASILICATA,399,358,2021-09-30
CALABRIA,2.703,2.635,2021-09-30
CAMPANIA,6.101,6.547,2021-09-30
EMILIA ROMAGNA,2.998,3.281,2021-09-30
FRIULI VENEZIA GIULIA,463,646,2021-09-30
LAZIO,5.231,5.580,2021-09-30
LIGURIA,1.125,1.355,2021-09-30
LOMBARDIA,6.139,7.763,2021-09-30
MARCHE,846,823,2021-09-30
MOLISE,271,319,2021-09-30
PIEMONTE,3.955,4.011,2021-09-30
PUGLIA,2.888,3.716,2021-09-30
SARDEGNA,2.605,1.985,2021-09-30
SICILIA,6.443,5.934,2021-09-30
TOSCANA,3.117,3.077,2021-09-30
TRENTINO ALTO ADIGE,498,415,2021-09-30
UMBRIA,1.335,1.377,2021-09-30
VALLE D'AOSTA,177,134,2021-09-30
VENETO,1.907,2.269,2021-09-30
ABRUZZO,1.656,1.716,2021-10-31
BASILICATA,399,367,2021-10-31
CALABRIA,2.703,2.691,2021-10-31
CAMPANIA,6.106,6.668,2021-10-31
EMILIA ROMAGNA,2.998,3.284,2021-10-31
FRIULI VENEZIA GIULIA,463,627,2021-10-31
LAZIO,5.231,5.610,2021-10-31
LIGURIA,1.109,1.343,2021-10-31
LOMBARDIA,6.139,7.797,2021-10-31
MARCHE,846,833,2021-10-31
MOLISE,271,317,2021-10-31
PIEMONTE,3.955,4.080,2021-10-31
PUGLIA,2.888,3.741,2021-10-31
SARDEGNA,2.605,1.988,2021-10-31
SICILIA,6.448,5.934,2021-10-31
TOSCANA,3.117,3.081,2021-10-31
TRENTINO ALTO ADIGE,498,413,2021-10-31
UMBRIA,1.335,1.425,2021-10-31
VALLE D'AOSTA,177,128,2021-10-31
VENETO,1.907,2.264,2021-10-31
ABRUZZO,1.656,1.747,2021-11-30
BASILICATA,399,382,2021-11-30
CALABRIA,2.704,2.704,2021-11-30
CAMPANIA,6.108,6.730,2021-11-30
EMILIA ROMAGNA,2.998,3.303,2021-11-30
FRIULI VENEZIA GIULIA,463,621,2021-11-30
LAZIO,5.231,5.569,2021-11-30
LIGURIA,1.109,1.337,2021-11-30
LOMBARDIA,6.129,7.869,2021-11-30
MARCHE,846,830,2021-11-30
MOLISE,271,313,2021-11-30
PIEMONTE,3.955,4.072,2021-11-30
PUGLIA,2.882,3.791,2021-11-30
SARDEGNA,2.575,1.989,2021-11-30
SICILIA,6.449,6.002,2021-11-30
TOSCANA,3.117,3.079,2021-11-30
TRENTINO ALTO ADIGE,498,403,2021-11-30
UMBRIA,1.335,1.432,2021-11-30
VALLE D'AOSTA,177,142,2021-11-30
VENETO,1.907,2.278,2021-11-30
ABRUZZO,1.656,1.735,2021-12-31
BASILICATA,399,376,2021-12-31
CALABRIA,2.704,2.681,2021-12-31
CAMPANIA,6.114,6.674,2021-12-31
EMILIA ROMAGNA,2.998,3.261,2021-12-31
FRIULI VENEZIA GIULIA,463,580,2021-12-31
LAZIO,5.231,5.548,2021-12-31
LIGURIA,1.109,1.307,2021-12-31
LOMBARDIA,6.129,7.838,2021-12-31
MARCHE,846,846,2021-12-31
MOLISE,271,312,2021-12-31
PIEMONTE,3.951,4.027,2021-12-31
PUGLIA,2.907,3.760,2021-12-31
SARDEGNA,2.575,1.968,2021-12-31
SICILIA,6.448,5.958,2021-12-31
TOSCANA,3.117,3.028,2021-12-31
TRENTINO ALTO ADIGE,498,416,2021-12-31
UMBRIA,1.335,1.398,2021-12-31
VALLE D'AOSTA,177,138,2021-12-31
VENETO,1.907,2.283,2021-12-31
ABRUZZO,1.656,1.731,2022-01-31
BASILICATA,397,364,2022-01-31
CALABRIA,2.704,2.662,2022-01-31
CAMPANIA,6.113,6.702,2022-01-31
EMILIA ROMAGNA,2.998,3.314,2022-01-31
FRIULI VENEZIA GIULIA,463,587,2022-01-31
LAZIO,5.231,5.555,2022-01-31
LIGURIA,1.109,1.308,2022-01-31
LOMBARDIA,6.146,7.898,2022-01-31
MARCHE,846,841,2022-01-31
MOLISE,271,314,2022-01-31
PIEMONTE,3.951,4.046,2022-01-31
PUGLIA,2.907,3.833,2022-01-31
SARDEGNA,2.575,2.000,2022-01-31
SICILIA,6.448,5.972,2022-01-31
TOSCANA,3.117,3.014,2022-01-31
TRENTINO ALTO ADIGE,498,411,2022-01-31
UMBRIA,1.335,1.390,2022-01-31
VALLE D'AOSTA,177,140,2022-01-31
VENETO,1.920,2.290,2022-01-31
ABRUZZO,1.656,1.719,2022-02-28
BASILICATA,412,384,2022-02-28
CALABRIA,2.704,2.666,2022-02-28
CAMPANIA,6.113,6.743,2022-02-28
EMILIA ROMAGNA,2.998,3.291,2022-02-28
FRIULI VENEZIA GIULIA,463,590,2022-02-28
LAZIO,5.231,5.588,2022-02-28
LIGURIA,1.109,1.320,2022-02-28
LOMBARDIA,6.150,7.931,2022-02-28
MARCHE,823,836,2022-02-28
MOLISE,271,317,2022-02-28
PIEMONTE,3.951,3.986,2022-02-28
PUGLIA,2.907,3.904,2022-02-28
SARDEGNA,2.575,2.019,2022-02-28
SICILIA,6.444,6.112,2022-02-28
TOSCANA,3.118,3.025,2022-02-28
TRENTINO ALTO ADIGE,498,403,2022-02-28
UMBRIA,1.336,1.377,2022-02-28
VALLE D'AOSTA,177,142,2022-02-28
VENETO,1.920,2.292,2022-02-28
ABRUZZO,1.656,1.709,2022-03-31
BASILICATA,412,384,2022-03-31
CALABRIA,2.704,2.684,2022-03-31
CAMPANIA,6.113,6.708,2022-03-31
EMILIA ROMAGNA,2.998,3.246,2022-03-31
FRIULI VENEZIA GIULIA,463,591,2022-03-31
LAZIO,5.231,5.582,2022-03-31
LIGURIA,1.109,1.319,2022-03-31
LOMBARDIA,6.150,7.987,2022-03-31
MARCHE,823,823,2022-03-31
MOLISE,271,320,2022-03-31
PIEMONTE,3.945,4.004,2022-03-31
PUGLIA,2.906,3.908,2022-03-31
SARDEGNA,2.575,2.017,2022-03-31
SICILIA,6.448,6.070,2022-03-31
TOSCANA,3.118,2.974,2022-03-31
TRENTINO ALTO ADIGE,498,440,2022-03-31
UMBRIA,1.336,1.402,2022-03-31
VALLE D'AOSTA,177,142,2022-03-31
VENETO,1.920,2.299,2022-03-31
ABRUZZO,1.656,1.737,2022-04-30
BASILICATA,412,378,2022-04-30
CALABRIA,2.704,2.669,2022-04-30
CAMPANIA,6.113,6.806,2022-04-30
EMILIA ROMAGNA,2.998,3.243,2022-04-30
FRIULI VENEZIA GIULIA,463,607,2022-04-30
LAZIO,5.231,5.586,2022-04-30
LIGURIA,1.109,1.321,2022-04-30
LOMBARDIA,6.150,7.962,2022-04-30
MARCHE,824,807,2022-04-30
MOLISE,271,321,2022-04-30
PIEMONTE,3.944,3.992,2022-04-30
PUGLIA,2.906,3.900,2022-04-30
SARDEGNA,2.575,2.018,2022-04-30
SICILIA,6.447,5.993,2022-04-30
TOSCANA,3.118,2.959,2022-04-30
TRENTINO ALTO ADIGE,498,426,2022-04-30
UMBRIA,1.336,1.420,2022-04-30
VALLE D'AOSTA,177,135,2022-04-30
VENETO,1.921,2.315,2022-04-30
ABRUZZO,1.658,1.812,2022-05-31
BASILICATA,412,388,2022-05-31
CALABRIA,2.704,2.766,2022-05-31
CAMPANIA,6.115,6.742,2022-05-31
EMILIA ROMAGNA,2.998,3.291,2022-05-31
FRIULI VENEZIA GIULIA,463,621,2022-05-31
LAZIO,5.231,5.653,2022-05-31
LIGURIA,1.109,1.309,2022-05-31
LOMBARDIA,6.150,7.981,2022-05-31
MARCHE,824,807,2022-05-31
MOLISE,271,331,2022-05-31
PIEMONTE,3.946,4.006,2022-05-31
PUGLIA,2.906,3.829,2022-05-31
SARDEGNA,2.575,2.011,2022-05-31
SICILIA,6.447,5.972,2022-05-31
TOSCANA,3.118,2.956,2022-05-31
TRENTINO ALTO ADIGE,498,427,2022-05-31
UMBRIA,1.336,1.413,2022-05-31
VALLE D'AOSTA,177,140,2022-05-31
VENETO,1.921,2.316,2022-05-31
ABRUZZO,1.659,1.824,2022-06-30
BASILICATA,420,397,2022-06-30
CALABRIA,2.704,2.774,2022-06-30
CAMPANIA,6.124,6.726,2022-06-30
EMILIA ROMAGNA,3.007,3.315,2022-06-30
FRIULI VENEZIA GIULIA,463,598,2022-06-30
LAZIO,5.231,5.667,2022-06-30
LIGURIA,1.133,1.323,2022-06-30
LOMBARDIA,6.150,7.962,2022-06-30
MARCHE,824,808,2022-06-30
MOLISE,271,346,2022-06-30
PIEMONTE,3.944,4.015,2022-06-30
PUGLIA,2.896,3.817,2022-06-30
SARDEGNA,2.575,2.004,2022-06-30
SICILIA,6.447,5.955,2022-06-30
TOSCANA,3.118,2.994,2022-06-30
TRENTINO ALTO ADIGE,498,426,2022-06-30
UMBRIA,1.336,1.406,2022-06-30
VALLE D'AOSTA,177,139,2022-06-30
VENETO,1.923,2.345,2022-06-30
ABRUZZO,1.659,1.842,2022-07-31
BASILICATA,420,405,2022-07-31
CALABRIA,2.704,2.759,2022-07-31
CAMPANIA,6.125,6.665,2022-07-31
EMILIA ROMAGNA,3.010,3.321,2022-07-31
FRIULI VENEZIA GIULIA,463,585,2022-07-31
LAZIO,5.234,5.755,2022-07-31
LIGURIA,1.133,1.372,2022-07-31
LOMBARDIA,6.150,7.996,2022-07-31
MARCHE,823,802,2022-07-31
MOLISE,271,332,2022-07-31
PIEMONTE,3.947,4.019,2022-07-31
PUGLIA,2.896,3.848,2022-07-31
SARDEGNA,2.575,2.036,2022-07-31
SICILIA,6.447,5.941,2022-07-31
TOSCANA,3.118,3.005,2022-07-31
TRENTINO ALTO ADIGE,498,423,2022-07-31
UMBRIA,1.336,1.376,2022-07-31
VALLE D'AOSTA,177,129,2022-07-31
VENETO,1.923,2.368,2022-07-31
ABRUZZO,1.659,1.848,2022-08-31
BASILICATA,420,404,2022-08-31
CALABRIA,2.701,2.805,2022-08-31
CAMPANIA,6.131,6.694,2022-08-31
EMILIA ROMAGNA,3.010,3.388,2022-08-31
FRIULI VENEZIA GIULIA,463,599,2022-08-31
LAZIO,5.234,5.825,2022-08-31
LIGURIA,1.133,1.408,2022-08-31
LOMBARDIA,6.150,8.141,2022-08-31
MARCHE,822,803,2022-08-31
MOLISE,271,330,2022-08-31
PIEMONTE,3.943,4.096,2022-08-31
PUGLIA,2.896,3.887,2022-08-31
SARDEGNA,2.590,2.069,2022-08-31
SICILIA,6.447,5.981,2022-08-31
TOSCANA,3.118,3.037,2022-08-31
TRENTINO ALTO ADIGE,498,438,2022-08-31
UMBRIA,1.336,1.370,2022-08-31
VALLE D'AOSTA,177,110,2022-08-31
VENETO,1.923,2.404,2022-08-31
ABRUZZO,1.659,1.833,2022-09-30
BASILICATA,420,403,2022-09-30
CALABRIA,2.701,2.897,2022-09-30
CAMPANIA,6.132,6.658,2022-09-30
EMILIA ROMAGNA,3.013,3.379,2022-09-30
FRIULI VENEZIA GIULIA,463,590,2022-09-30
LAZIO,5.242,5.924,2022-09-30
LIGURIA,1.133,1.382,2022-09-30
LOMBARDIA,6.150,8.115,2022-09-30
MARCHE,822,815,2022-09-30
MOLISE,271,334,2022-09-30
PIEMONTE,3.943,4.125,2022-09-30
PUGLIA,2.896,3.902,2022-09-30
SARDEGNA,2.590,2.066,2022-09-30
SICILIA,6.454,6.018,2022-09-30
TOSCANA,3.118,2.999,2022-09-30
TRENTINO ALTO ADIGE,498,459,2022-09-30
UMBRIA,1.338,1.371,2022-09-30
VALLE D'AOSTA,177,107,2022-09-30
VENETO,1.922,2.458,2022-09-30
ABRUZZO,1.659,1.849,2022-10-31
BASILICATA,427,416,2022-10-31
CALABRIA,2.726,2.876,2022-10-31
CAMPANIA,6.220,6.705,2022-10-31
EMILIA ROMAGNA,3.013,3.365,2022-10-31
FRIULI VENEZIA GIULIA,463,611,2022-10-31
LAZIO,5.242,5.938,2022-10-31
LIGURIA,1.131,1.372,2022-10-31
LOMBARDIA,6.161,8.150,2022-10-31
MARCHE,828,838,2022-10-31
MOLISE,271,350,2022-10-31
PIEMONTE,3.965,4.147,2022-10-31
PUGLIA,2.895,3.974,2022-10-31
SARDEGNA,2.614,2.081,2022-10-31
SICILIA,6.500,6.072,2022-10-31
TOSCANA,3.122,3.054,2022-10-31
TRENTINO ALTO ADIGE,498,444,2022-10-31
UMBRIA,1.340,1.387,2022-10-31
VALLE D'AOSTA,177,109,2022-10-31
VENETO,1.922,2.487,2022-10-31
ABRUZZO,1.659,1.879,2022-11-30
BASILICATA,437,413,2022-11-30
CALABRIA,2.726,2.868,2022-11-30
CAMPANIA,6.215,6.783,2022-11-30
EMILIA ROMAGNA,3.011,3.390,2022-11-30
FRIULI VENEZIA GIULIA,471,598,2022-11-30
LAZIO,5.242,5.986,2022-11-30
LIGURIA,1.126,1.365,2022-11-30
LOMBARDIA,6.174,8.247,2022-11-30
MARCHE,828,864,2022-11-30
MOLISE,271,339,2022-11-30
PIEMONTE,3.998,4.125,2022-11-30
PUGLIA,2.912,4.010,2022-11-30
SARDEGNA,2.614,2.079,2022-11-30
SICILIA,6.500,6.098,2022-11-30
TOSCANA,3.169,3.007,2022-11-30
TRENTINO ALTO ADIGE,507,465,2022-11-30
UMBRIA,1.342,1.405,2022-11-30
VALLE D'AOSTA,181,101,2022-11-30
VENETO,1.950,2.502,2022-11-30
ABRUZZO,1.666,1.875,2022-12-31
BASILICATA,356,406,2022-12-31
CALABRIA,2.726,2.928,2022-12-31
CAMPANIA,6.218,6.756,2022-12-31
EMILIA ROMAGNA,3.020,3.407,2022-12-31
FRIULI VENEZIA GIULIA,471,572,2022-12-31
LAZIO,5.290,5.933,2022-12-31
LIGURIA,1.126,1.347,2022-12-31
LOMBARDIA,6.173,8.147,2022-12-31
MARCHE,838,855,2022-12-31
MOLISE,273,328,2022-12-31
PIEMONTE,4.000,4.060,2022-12-31
PUGLIA,2.912,3.952,2022-12-31
SARDEGNA,2.614,2.076,2022-12-31
SICILIA,6.500,6.130,2022-12-31
TOSCANA,3.169,2.963,2022-12-31
TRENTINO ALTO ADIGE,507,449,2022-12-31
UMBRIA,1.338,1.423,2022-12-31
VALLE D'AOSTA,181,102,2022-12-31
VENETO,1.950,2.487,2022-12-31
ABRUZZO,1.666,1.870,2023-01-31
BASILICATA,378,429,2023-01-31
CALABRIA,2.726,2.965,2023-01-31
CAMPANIA,6.229,6.704,2023-01-31
EMILIA ROMAGNA,2.984,3.428,2023-01-31
FRIULI VENEZIA GIULIA,477,561,2023-01-31
LAZIO,5.290,5.971,2023-01-31
LIGURIA,1.126,1.358,2023-01-31
LOMBARDIA,6.161,8.109,2023-01-31
MARCHE,838,860,2023-01-31
MOLISE,273,317,2023-01-31
PIEMONTE,4.000,4.026,2023-01-31
PUGLIA,2.912,3.964,2023-01-31
SARDEGNA,2.614,2.068,2023-01-31
SICILIA,6.500,6.095,2023-01-31
TOSCANA,3.169,2.949,2023-01-31
TRENTINO ALTO ADIGE,507,445,2023-01-31
UMBRIA,1.342,1.415,2023-01-31
VALLE D'AOSTA,181,117,2023-01-31
VENETO,2.030,2.476,2023-01-31
ABRUZZO,1.653,1.898,2023-02-28
BASILICATA,378,417,2023-02-28
CALABRIA,2.726,3.012,2023-02-28
CAMPANIA,6.203,6.768,2023-02-28
EMILIA ROMAGNA,2.984,3.417,2023-02-28
FRIULI VENEZIA GIULIA,476,579,2023-02-28
LAZIO,5.295,5.965,2023-02-28
LIGURIA,1.126,1.367,2023-02-28
LOMBARDIA,6.161,8.100,2023-02-28
MARCHE,835,851,2023-02-28
MOLISE,275,319,2023-02-28
PIEMONTE,4.000,4.027,2023-02-28
PUGLIA,2.912,3.956,2023-02-28
SARDEGNA,2.614,2.071,2023-02-28
SICILIA,6.498,6.139,2023-02-28
TOSCANA,3.169,2.976,2023-02-28
TRENTINO ALTO ADIGE,507,444,2023-02-28
UMBRIA,1.342,1.414,2023-02-28
VALLE D'AOSTA,181,122,2023-02-28
VENETO,1.950,2.477,2023-02-28
ABRUZZO,1.654,1.885,2023-03-31
BASILICATA,378,424,2023-03-31
CALABRIA,2.726,3.014,2023-03-31
CAMPANIA,6.196,6.810,2023-03-31
EMILIA ROMAGNA,2.983,3.423,2023-03-31
FRIULI VENEZIA GIULIA,476,584,2023-03-31
LAZIO,5.295,6.025,2023-03-31
LIGURIA,1.106,1.388,2023-03-31
LOMBARDIA,6.161,8.122,2023-03-31
MARCHE,838,863,2023-03-31
MOLISE,275,330,2023-03-31
PIEMONTE,4.003,4.012,2023-03-31
PUGLIA,2.912,4.022,2023-03-31
SARDEGNA,2.614,2.079,2023-03-31
SICILIA,6.498,6.189,2023-03-31
TOSCANA,3.169,2.999,2023-03-31
TRENTINO ALTO ADIGE,507,457,2023-03-31
UMBRIA,1.342,1.415,2023-03-31
VALLE D'AOSTA,181,129,2023-03-31
VENETO,1.947,2.435,2023-03-31
ABRUZZO,1.654,1.876,2023-04-30
BASILICATA,378,415,2023-04-30
CALABRIA,2.726,3.015,2023-04-30
CAMPANIA,6.196,6.790,2023-04-30
EMILIA ROMAGNA,2.983,3.419,2023-04-30
FRIULI VENEZIA GIULIA,476,590,2023-04-30
LAZIO,5.295,6.079,2023-04-30
LIGURIA,1.106,1.399,2023-04-30
LOMBARDIA,6.157,8.207,2023-04-30
MARCHE,838,861,2023-04-30
MOLISE,275,321,2023-04-30
PIEMONTE,4.001,3.958,2023-04-30
PUGLIA,2.912,3.998,2023-04-30
SARDEGNA,2.617,2.065,2023-04-30
SICILIA,6.498,6.219,2023-04-30
TOSCANA,3.160,2.999,2023-04-30
TRENTINO ALTO ADIGE,507,477,2023-04-30
UMBRIA,1.342,1.415,2023-04-30
VALLE D'AOSTA,181,140,2023-04-30
VENETO,1.947,2.431,2023-04-30
ABRUZZO,1.654,1.870,2023-05-31
BASILICATA,378,434,2023-05-31
CALABRIA,2.726,3.060,2023-05-31
CAMPANIA,6.196,6.893,2023-05-31
EMILIA ROMAGNA,2.983,3.431,2023-05-31
FRIULI VENEZIA GIULIA,476,618,2023-05-31
LAZIO,5.295,6.086,2023-05-31
LIGURIA,1.107,1.402,2023-05-31
LOMBARDIA,6.157,8.277,2023-05-31
MARCHE,838,865,2023-05-31
MOLISE,275,324,2023-05-31
PIEMONTE,3.913,3.981,2023-05-31
PUGLIA,2.912,4.038,2023-05-31
SARDEGNA,2.617,2.079,2023-05-31
SICILIA,6.480,6.334,2023-05-31
TOSCANA,3.168,3.024,2023-05-31
TRENTINO ALTO ADIGE,508,472,2023-05-31
UMBRIA,1.342,1.425,2023-05-31
VALLE D'AOSTA,181,130,2023-05-31
VENETO,1.947,2.487,2023-05-31
ABRUZZO,1.652,1.840,2023-06-30
BASILICATA,368,442,2023-06-30
CALABRIA,2.726,3.038,2023-06-30
CAMPANIA,6.196,6.994,2023-06-30
EMILIA ROMAGNA,2.979,3.459,2023-06-30
FRIULI VENEZIA GIULIA,476,605,2023-06-30
LAZIO,5.295,6.180,2023-06-30
LIGURIA,1.107,1.398,2023-06-30
LOMBARDIA,6.157,8.320,2023-06-30
MARCHE,835,877,2023-06-30
MOLISE,275,315,2023-06-30
PIEMONTE,3.999,4.066,2023-06-30
PUGLIA,2.912,4.137,2023-06-30
SARDEGNA,2.617,2.047,2023-06-30
SICILIA,6.476,6.329,2023-06-30
TOSCANA,3.139,2.990,2023-06-30
TRENTINO ALTO ADIGE,508,472,2023-06-30
UMBRIA,1.342,1.419,2023-06-30
VALLE D'AOSTA,181,116,2023-06-30
VENETO,1.947,2.481,2023-06-30
ABRUZZO,1.652,1.906,2023-07-31
BASILICATA,368,461,2023-07-31
CALABRIA,2.754,3.003,2023-07-31
CAMPANIA,6.189,6.998,2023-07-31
EMILIA ROMAGNA,2.979,3.477,2023-07-31
FRIULI VENEZIA GIULIA,476,598,2023-07-31
LAZIO,5.287,6.209,2023-07-31
LIGURIA,1.110,1.379,2023-07-31
LOMBARDIA,6.157,8.370,2023-07-31
MARCHE,838,874,2023-07-31
MOLISE,275,308,2023-07-31
PIEMONTE,3.999,4.036,2023-07-31
PUGLIA,2.912,4.199,2023-07-31
SARDEGNA,2.617,2.070,2023-07-31
SICILIA,6.476,6.376,2023-07-31
TOSCANA,3.218,2.989,2023-07-31
TRENTINO ALTO ADIGE,508,446,2023-07-31
UMBRIA,1.342,1.427,2023-07-31
VALLE D'AOSTA,181,111,2023-07-31
VENETO,1.947,2.512,2023-07-31
ABRUZZO,1.653,1.928,2023-08-31
BASILICATA,368,451,2023-08-31
CALABRIA,2.725,3.023,2023-08-31
CAMPANIA,6.189,7.094,2023-08-31
EMILIA ROMAGNA,2.979,3.471,2023-08-31
FRIULI VENEZIA GIULIA,476,609,2023-08-31
LAZIO,5.287,6.304,2023-08-31
LIGURIA,1.110,1.402,2023-08-31
LOMBARDIA,6.153,8.543,2023-08-31
MARCHE,835,881,2023-08-31
MOLISE,275,307,2023-08-31
PIEMONTE,3.999,4.060,2023-08-31
PUGLIA,2.923,4.254,2023-08-31
SARDEGNA,2.617,2.085,2023-08-31
SICILIA,6.476,6.436,2023-08-31
TOSCANA,3.163,3.046,2023-08-31
TRENTINO ALTO ADIGE,508,464,2023-08-31
UMBRIA,1.342,1.427,2023-08-31
VALLE D'AOSTA,181,114,2023-08-31
VENETO,1.947,2.529,2023-08-31
ABRUZZO,1.714,1.930,2023-09-30
BASILICATA,368,468,2023-09-30
CALABRIA,2.725,3.046,2023-09-30
CAMPANIA,6.165,7.199,2023-09-30
EMILIA ROMAGNA,2.979,3.491,2023-09-30
FRIULI VENEZIA GIULIA,476,587,2023-09-30
LAZIO,5.337,6.381,2023-09-30
LIGURIA,1.110,1.408,2023-09-30
LOMBARDIA,6.153,8.597,2023-09-30
MARCHE,837,901,2023-09-30
MOLISE,275,312,2023-09-30
PIEMONTE,3.999,4.139,2023-09-30
PUGLIA,2.912,4.309,2023-09-30
SARDEGNA,2.616,2.117,2023-09-30
SICILIA,6.476,6.472,2023-09-30
TOSCANA,3.163,3.062,2023-09-30
TRENTINO ALTO ADIGE,508,463,2023-09-30
UMBRIA,1.344,1.430,2023-09-30
VALLE D'AOSTA,181,111,2023-09-30
VENETO,1.947,2.564,2023-09-30
ABRUZZO,1.714,1.958,2023-10-31
BASILICATA,368,476,2023-10-31
CALABRIA,2.719,3.080,2023-10-31
CAMPANIA,6.165,7.279,2023-10-31
EMILIA ROMAGNA,2.979,3.481,2023-10-31
FRIULI VENEZIA GIULIA,475,626,2023-10-31
LAZIO,5.334,6.453,2023-10-31
LIGURIA,1.110,1.415,2023-10-31
LOMBARDIA,6.153,8.691,2023-10-31
MARCHE,837,914,2023-10-31
MOLISE,275,297,2023-10-31
PIEMONTE,3.999,4.215,2023-10-31
PUGLIA,2.912,4.387,2023-10-31
SARDEGNA,2.616,2.133,2023-10-31
SICILIA,6.476,6.591,2023-10-31
TOSCANA,3.163,3.092,2023-10-31
TRENTINO ALTO ADIGE,508,466,2023-10-31
UMBRIA,1.344,1.443,2023-10-31
VALLE D'AOSTA,181,123,2023-10-31
VENETO,1.947,2.595,2023-10-31
ABRUZZO,1.714,1.947,2023-11-30
BASILICATA,368,480,2023-11-30
CALABRIA,2.711,3.101,2023-11-30
CAMPANIA,6.171,7.303,2023-11-30
EMILIA ROMAGNA,2.979,3.520,2023-11-30
FRIULI VENEZIA GIULIA,475,632,2023-11-30
LAZIO,5.334,6.465,2023-11-30
LIGURIA,1.110,1.410,2023-11-30
LOMBARDIA,6.152,8.733,2023-11-30
MARCHE,837,907,2023-11-30
MOLISE,275,309,2023-11-30
PIEMONTE,3.999,4.229,2023-11-30
PUGLIA,2.912,4.475,2023-11-30
SARDEGNA,2.616,2.149,2023-11-30
SICILIA,6.476,6.680,2023-11-30
TOSCANA,3.163,3.094,2023-11-30
TRENTINO ALTO ADIGE,508,476,2023-11-30
UMBRIA,1.344,1.468,2023-11-30
VALLE D'AOSTA,181,136,2023-11-30
VENETO,1.947,2.602,2023-11-30
ABRUZZO,1.689,1.958,2023-12-31
BASILICATA,368,479,2023-12-31
CALABRIA,2.711,3.038,2023-12-31
CAMPANIA,6.171,7.330,2023-12-31
EMILIA ROMAGNA,2.979,3.572,2023-12-31
FRIULI VENEZIA GIULIA,475,639,2023-12-31
LAZIO,5.284,6.537,2023-12-31
LIGURIA,1.110,1.360,2023-12-31
LOMBARDIA,6.149,8.722,2023-12-31
MARCHE,837,919,2023-12-31
MOLISE,275,317,2023-12-31
PIEMONTE,3.982,4.231,2023-12-31
PUGLIA,2.912,4.420,2023-12-31
SARDEGNA,2.616,2.140,2023-12-31
SICILIA,6.476,6.711,2023-12-31
TOSCANA,3.163,3.094,2023-12-31
TRENTINO ALTO ADIGE,510,483,2023-12-31
UMBRIA,1.344,1.484,2023-12-31
VALLE D'AOSTA,181,132,2023-12-31
VENETO,1.947,2.600,2023-12-31
